strategy,ticker,price,signal,confidence
Pred_Tuned,AAPL,0.1548,hold,15.5
Pred_Tuned,AAPL,0.069,hold,6.9
Pred_Tuned,AAPL,0.0857,hold,8.6
Pred_Tuned,AAPL,0.1082,hold,10.8
Pred_Tuned,AAPL,0.1861,hold,18.6
Pred_Tuned,AAPL,0.0558,hold,5.6
Pred_Tuned,AAPL,0.0208,hold,2.1
Pred_Tuned,AAPL,0.0165,hold,1.6
Pred_Tuned,AAPL,0.0266,hold,2.7
Pred_Tuned,AAPL,0.0337,hold,3.4
Pred_Tuned,AAPL,0.0054,hold,0.5
Pred_Tuned,AAPL,0.0252,hold,2.5
Pred_Tuned,AAPL,0.0113,hold,1.1
Pred_Tuned,AAPL,0.0154,hold,1.5
Pred_Tuned,AAPL,0.005,hold,0.5
Pred_Tuned,AAPL,0.0047,hold,0.5
Pred_Tuned,AAPL,0.0056,hold,0.6
Pred_Tuned,AAPL,0.0174,hold,1.7
Pred_Tuned,AAPL,0.0072,hold,0.7
Pred_Tuned,AAPL,0.0121,hold,1.2
Pred_Tuned,AAPL,0.0081,hold,0.8
Pred_Tuned,AAPL,0.0296,hold,3.0
Pred_Tuned,AAPL,0.0118,hold,1.2
Pred_Tuned,AAPL,0.025,hold,2.5
Pred_Tuned,AAPL,0.0033,hold,0.3
Pred_Tuned,AAPL,0.0132,hold,1.3
Pred_Tuned,AAPL,0.0219,hold,2.2
Pred_Tuned,AAPL,0.195,hold,19.5
Pred_Tuned,AAPL,0.0311,hold,3.1
Pred_Tuned,AAPL,0.0181,hold,1.8
Pred_Tuned,AAPL,0.009,hold,0.9
Pred_Tuned,AAPL,0.0583,hold,5.8
Pred_Tuned,AAPL,0.126,hold,12.6
Pred_Tuned,AAPL,0.0355,hold,3.5
Pred_Tuned,AAPL,0.0183,hold,1.8
Pred_Tuned,AAPL,0.0284,hold,2.8
Pred_Tuned,AAPL,0.0577,hold,5.8
Pred_Tuned,AAPL,0.0227,hold,2.3
Pred_Tuned,AAPL,0.0094,hold,0.9
Pred_Tuned,AAPL,0.0309,hold,3.1
Pred_Tuned,AAPL,0.0399,hold,4.0
Pred_Tuned,AAPL,0.1579,hold,15.8
Pred_Tuned,AAPL,0.0421,hold,4.2
Pred_Tuned,AAPL,0.0426,hold,4.3
Pred_Tuned,AAPL,0.7222,buy,72.2
Pred_Tuned,AAPL,0.6979,buy,69.8
Pred_Tuned,AAPL,0.87,buy,87.0
Pred_Tuned,AAPL,0.698,buy,69.8
Pred_Tuned,AAPL,0.7076,buy,70.8
Pred_Tuned,AAPL,0.076,hold,7.6
Pred_Tuned,AAPL,0.1124,hold,11.2
Pred_Tuned,AAPL,0.0197,hold,2.0
Pred_Tuned,AAPL,0.0196,hold,2.0
Pred_Tuned,AAPL,0.0039,hold,0.4
Pred_Tuned,AAPL,0.0232,hold,2.3
Pred_Tuned,AAPL,0.0135,hold,1.4
Pred_Tuned,AAPL,0.0299,hold,3.0
Pred_Tuned,AAPL,0.3469,hold,34.7
Pred_Tuned,AAPL,0.3463,hold,34.6
Pred_Tuned,AAPL,0.9098,buy,91.0
Pred_Tuned,AAPL,0.4176,hold,41.8
Pred_Tuned,AAPL,0.4891,hold,48.9
Pred_Tuned,AAPL,0.2946,hold,29.5
Pred_Tuned,AAPL,0.0043,hold,0.4
Pred_Tuned,AAPL,0.0484,hold,4.8
Pred_Tuned,AAPL,0.0546,hold,5.5
Pred_Tuned,AAPL,0.0171,hold,1.7
Pred_Tuned,AAPL,0.0273,hold,2.7
Pred_Tuned,AAPL,0.0379,hold,3.8
Pred_Tuned,AAPL,0.0146,hold,1.5
Pred_Tuned,AAPL,0.0866,hold,8.7
Pred_Tuned,AAPL,0.0507,hold,5.1
Pred_Tuned,AAPL,0.307,hold,30.7
Pred_Tuned,AAPL,0.1239,hold,12.4
Pred_Tuned,AAPL,0.1003,hold,10.0
Pred_Tuned,AAPL,0.0698,hold,7.0
Pred_Tuned,AAPL,0.5192,hold,51.9
Pred_Tuned,AAPL,0.1404,hold,14.0
Pred_Tuned,AAPL,0.2576,hold,25.8
Pred_Tuned,AAPL,0.2255,hold,22.5
Pred_Tuned,AAPL,0.0419,hold,4.2
Pred_Tuned,AAPL,0.1161,hold,11.6
Pred_Tuned,AAPL,0.113,hold,11.3
Pred_Tuned,AAPL,0.071,hold,7.1
Pred_Tuned,AAPL,0.0875,hold,8.8
Pred_Tuned,AAPL,0.5239,hold,52.4
Pred_Tuned,AAPL,0.9651,buy,96.5
Pred_Tuned,AAPL,0.9684,buy,96.8
Pred_Tuned,AAPL,0.1036,hold,10.4
Pred_Tuned,AAPL,0.2336,hold,23.4
Pred_Tuned,AAPL,0.0653,hold,6.5
Pred_Tuned,AAPL,0.0228,hold,2.3
Pred_Tuned,AAPL,0.0779,hold,7.8
Pred_Tuned,AAPL,0.034,hold,3.4
Pred_Tuned,AAPL,0.1659,hold,16.6
Pred_Tuned,AAPL,0.9152,buy,91.5
Pred_Tuned,AAPL,0.8739,buy,87.4
Pred_Tuned,AAPL,0.019,hold,1.9
Pred_Tuned,AAPL,0.0181,hold,1.8
Pred_Tuned,AAPL,0.0167,hold,1.7
Pred_Tuned,AAPL,0.1383,hold,13.8
Pred_Tuned,AAPL,0.0286,hold,2.9
Pred_Tuned,AAPL,0.0751,hold,7.5
Pred_Tuned,AAPL,0.0114,hold,1.1
Pred_Tuned,AAPL,0.0678,hold,6.8
Pred_Tuned,AAPL,0.2532,hold,25.3
Pred_Tuned,AAPL,0.1267,hold,12.7
Pred_Tuned,AAPL,0.7009,buy,70.1
Pred_Tuned,AAPL,0.0816,hold,8.2
Pred_Tuned,AAPL,0.0519,hold,5.2
Pred_Tuned,AAPL,0.0083,hold,0.8
Pred_Tuned,AAPL,0.0489,hold,4.9
Pred_Tuned,AAPL,0.0738,hold,7.4
Pred_Tuned,AAPL,0.0821,hold,8.2
Pred_Tuned,AAPL,0.0087,hold,0.9
Pred_Tuned,AAPL,0.0214,hold,2.1
Pred_Tuned,AAPL,0.2744,hold,27.4
Pred_Tuned,AAPL,0.0071,hold,0.7
Pred_Tuned,AAPL,0.0689,hold,6.9
Pred_Tuned,AAPL,0.049,hold,4.9
Pred_Tuned,AAPL,0.0212,hold,2.1
Pred_Tuned,AAPL,0.3031,hold,30.3
Pred_Tuned,AAPL,0.0961,hold,9.6
Pred_Tuned,AAPL,0.3185,hold,31.8
Pred_Tuned,AAPL,0.2635,hold,26.4
Pred_Tuned,AAPL,0.249,hold,24.9
Pred_Tuned,AAPL,0.2364,hold,23.6
Pred_Tuned,AAPL,0.1643,hold,16.4
Pred_Tuned,AAPL,0.8106,buy,81.1
Pred_Tuned,AAPL,0.0751,hold,7.5
Pred_Tuned,AAPL,0.1242,hold,12.4
Pred_Tuned,AAPL,0.2021,hold,20.2
Pred_Tuned,AAPL,0.1532,hold,15.3
Pred_Tuned,AAPL,0.0112,hold,1.1
Pred_Tuned,AAPL,0.1474,hold,14.7
Pred_Tuned,AAPL,0.1996,hold,20.0
Pred_Tuned,AAPL,0.059,hold,5.9
Pred_Tuned,AAPL,0.2374,hold,23.7
Pred_Tuned,AAPL,0.1329,hold,13.3
Pred_Tuned,AAPL,0.0999,hold,10.0
Pred_Tuned,AAPL,0.1379,hold,13.8
Pred_Tuned,AAPL,0.0624,hold,6.2
Pred_Tuned,AAPL,0.2931,hold,29.3
Pred_Tuned,AAPL,0.1166,hold,11.7
Pred_Tuned,AAPL,0.1718,hold,17.2
Pred_Tuned,AAPL,0.2149,hold,21.5
Pred_Tuned,AAPL,0.2147,hold,21.5
Pred_Tuned,AAPL,0.0203,hold,2.0
Pred_Tuned,AAPL,0.0182,hold,1.8
Pred_Tuned,AAPL,0.0083,hold,0.8
Pred_Tuned,AAPL,0.0609,hold,6.1
Pred_Tuned,AAPL,0.1284,hold,12.8
Pred_Tuned,AAPL,0.0521,hold,5.2
Pred_Tuned,AAPL,0.0141,hold,1.4
Pred_Tuned,AAPL,0.0258,hold,2.6
Pred_Tuned,AAPL,0.0245,hold,2.4
Pred_Tuned,AAPL,0.2295,hold,22.9
Pred_Tuned,AAPL,0.0439,hold,4.4
Pred_Tuned,AAPL,0.0128,hold,1.3
Pred_Tuned,AAPL,0.043,hold,4.3
Pred_Tuned,AAPL,0.0419,hold,4.2
Pred_Tuned,AAPL,0.0101,hold,1.0
Pred_Tuned,AAPL,0.0159,hold,1.6
Pred_Tuned,AAPL,0.0258,hold,2.6
Pred_Tuned,AAPL,0.009,hold,0.9
Pred_Tuned,AAPL,0.041,hold,4.1
Pred_Tuned,AAPL,0.0031,hold,0.3
Pred_Tuned,AAPL,0.0058,hold,0.6
Pred_Tuned,AAPL,0.0478,hold,4.8
Pred_Tuned,AAPL,0.0267,hold,2.7
Pred_Tuned,AAPL,0.0627,hold,6.3
Pred_Tuned,AAPL,0.4066,hold,40.7
Pred_Tuned,AAPL,0.1382,hold,13.8
Pred_Tuned,AAPL,0.3354,hold,33.5
Pred_Tuned,AAPL,0.1576,hold,15.8
Pred_Tuned,AAPL,0.0058,hold,0.6
Pred_Tuned,AAPL,0.0168,hold,1.7
Pred_Tuned,AAPL,0.0221,hold,2.2
Pred_Tuned,AAPL,0.0526,hold,5.3
Pred_Tuned,AAPL,0.0203,hold,2.0
Pred_Tuned,AAPL,0.0032,hold,0.3
Pred_Tuned,AAPL,0.0491,hold,4.9
Pred_Tuned,AAPL,0.0285,hold,2.8
Pred_Tuned,AAPL,0.0535,hold,5.3
Pred_Tuned,AAPL,0.0226,hold,2.3
Pred_Tuned,AAPL,0.3658,hold,36.6
Pred_Tuned,AAPL,0.3202,hold,32.0
Pred_Tuned,AAPL,0.3971,hold,39.7
Pred_Tuned,AAPL,0.3275,hold,32.8
Pred_Tuned,AAPL,0.0116,hold,1.2
Pred_Tuned,AAPL,0.0944,hold,9.4
Pred_Tuned,AAPL,0.5766,buy,57.7
Pred_Tuned,AAPL,0.1795,hold,17.9
Pred_Tuned,AAPL,0.7842,buy,78.4
Pred_Tuned,AAPL,0.3239,hold,32.4
Pred_Tuned,AAPL,0.3812,hold,38.1
Pred_Tuned,AAPL,0.0328,hold,3.3
Pred_Tuned,AAPL,0.1788,hold,17.9
Pred_Tuned,AAPL,0.0767,hold,7.7
Pred_Tuned,AAPL,0.1123,hold,11.2
Pred_Tuned,AAPL,0.1905,hold,19.0
Pred_Tuned,AAPL,0.1309,hold,13.1
Pred_Tuned,AAPL,0.3232,hold,32.3
Pred_Tuned,AAPL,0.5474,buy,54.7
Pred_Tuned,AAPL,0.4635,hold,46.3
Pred_Tuned,AAPL,0.4994,hold,49.9
Pred_Tuned,AAPL,0.7585,buy,75.9
Pred_Tuned,AAPL,0.2098,hold,21.0
Pred_Tuned,AAPL,0.2059,hold,20.6
Pred_Tuned,AAPL,0.0432,hold,4.3
Pred_Tuned,AAPL,0.0466,hold,4.7
Pred_Tuned,AAPL,0.0873,hold,8.7
Pred_Tuned,AAPL,0.0336,hold,3.4
Pred_Tuned,AAPL,0.3203,hold,32.0
Pred_Tuned,AAPL,0.0651,hold,6.5
Pred_Tuned,AAPL,0.0144,hold,1.4
Pred_Tuned,AAPL,0.1264,hold,12.6
Pred_Tuned,AAPL,0.1256,hold,12.6
Pred_Tuned,AAPL,0.0081,hold,0.8
Pred_Tuned,AAPL,0.0753,hold,7.5
Pred_Tuned,AAPL,0.1094,hold,10.9
Pred_Tuned,AAPL,0.2615,hold,26.1
Pred_Tuned,AAPL,0.5123,hold,51.2
Pred_Tuned,AAPL,0.0686,hold,6.9
Pred_Tuned,AAPL,0.0412,hold,4.1
Pred_Tuned,AAPL,0.0308,hold,3.1
Pred_Tuned,AAPL,0.0102,hold,1.0
Pred_Tuned,AAPL,0.0855,hold,8.5
Pred_Tuned,AAPL,0.0392,hold,3.9
Pred_Tuned,AAPL,0.034,hold,3.4
Pred_Tuned,AAPL,0.0204,hold,2.0
Pred_Tuned,AAPL,0.0166,hold,1.7
Pred_Tuned,AAPL,0.0245,hold,2.4
Pred_Tuned,AAPL,0.0155,hold,1.6
Pred_Tuned,AAPL,0.0444,hold,4.4
Pred_Tuned,AAPL,0.0208,hold,2.1
Pred_Tuned,AAPL,0.0056,hold,0.6
Pred_Tuned,AAPL,0.0755,hold,7.5
Pred_Tuned,AAPL,0.2017,hold,20.2
Pred_Tuned,AAPL,0.0393,hold,3.9
Pred_Tuned,AAPL,0.067,hold,6.7
Pred_Tuned,AAPL,0.0726,hold,7.3
Pred_Tuned,AAPL,0.1125,hold,11.2
Pred_Tuned,AAPL,0.0111,hold,1.1
Pred_Tuned,AAPL,0.0055,hold,0.6
Pred_Tuned,AAPL,0.0385,hold,3.8
Pred_Tuned,AAPL,0.0203,hold,2.0
Pred_Tuned,AAPL,0.038,hold,3.8
Pred_Tuned,AAPL,0.0162,hold,1.6
Pred_Tuned,AAPL,0.0499,hold,5.0
Pred_Tuned,AAPL,0.0758,hold,7.6
Pred_Tuned,AAPL,0.0228,hold,2.3
Pred_Tuned,AAPL,0.0653,hold,6.5
Pred_Tuned,AAPL,0.0227,hold,2.3
Pred_Tuned,AAPL,0.0203,hold,2.0
Pred_Tuned,AAPL,0.0328,hold,3.3
Pred_Tuned,AAPL,0.4362,hold,43.6
Pred_Tuned,AAPL,0.0241,hold,2.4
Pred_Tuned,AAPL,0.1101,hold,11.0
Pred_Tuned,AAPL,0.0673,hold,6.7
Pred_Tuned,AAPL,0.0988,hold,9.9
Pred_Tuned,AAPL,0.0578,hold,5.8
Pred_Tuned,AAPL,0.3142,hold,31.4
Pred_Tuned,AAPL,0.3886,hold,38.9
Pred_Tuned,AAPL,0.1141,hold,11.4
Pred_Tuned,AAPL,0.0548,hold,5.5
Pred_Tuned,AAPL,0.0673,hold,6.7
Pred_Tuned,AAPL,0.3015,hold,30.2
Pred_Tuned,AAPL,0.0369,hold,3.7
Pred_Tuned,AAPL,0.0428,hold,4.3
Pred_Tuned,AAPL,0.1018,hold,10.2
Pred_Tuned,AAPL,0.0209,hold,2.1
Pred_Tuned,AAPL,0.1731,hold,17.3
Pred_Tuned,AAPL,0.018,hold,1.8
Pred_Tuned,AAPL,0.1529,hold,15.3
Pred_Tuned,AAPL,0.0669,hold,6.7
Pred_Tuned,AAPL,0.0535,hold,5.4
Pred_Tuned,AAPL,0.0167,hold,1.7
Pred_Tuned,AAPL,0.0237,hold,2.4
Pred_Tuned,AAPL,0.0138,hold,1.4
Pred_Tuned,AAPL,0.0039,hold,0.4
Pred_Tuned,AAPL,0.0367,hold,3.7
Pred_Tuned,AAPL,0.0196,hold,2.0
Pred_Tuned,AAPL,0.0278,hold,2.8
Pred_Tuned,AAPL,0.01,hold,1.0
Pred_Tuned,AAPL,0.0185,hold,1.8
Pred_Tuned,AAPL,0.0405,hold,4.1
Pred_Tuned,AAPL,0.0293,hold,2.9
Pred_Tuned,AAPL,0.0148,hold,1.5
Pred_Tuned,AAPL,0.0785,hold,7.9
Pred_Tuned,AAPL,0.2583,hold,25.8
Pred_Tuned,AAPL,0.2082,hold,20.8
Pred_Tuned,AAPL,0.8776,buy,87.8
Pred_Tuned,AAPL,0.125,hold,12.5
Pred_Tuned,AAPL,0.155,hold,15.5
Pred_Tuned,AAPL,0.0331,hold,3.3
Pred_Tuned,AAPL,0.0184,hold,1.8
Pred_Tuned,AAPL,0.0229,hold,2.3
Pred_Tuned,AAPL,0.0546,hold,5.5
Pred_Tuned,AAPL,0.5365,hold,53.7
Pred_Tuned,AAPL,0.9167,buy,91.7
Pred_Tuned,AAPL,0.0907,hold,9.1
Pred_Tuned,AAPL,0.0871,hold,8.7
Pred_Tuned,AAPL,0.0183,hold,1.8
Pred_Tuned,AAPL,0.0132,hold,1.3
Pred_Tuned,AAPL,0.1395,hold,14.0
Pred_Tuned,AAPL,0.0394,hold,3.9
Pred_Tuned,AAPL,0.0938,hold,9.4
Pred_Tuned,AAPL,0.0178,hold,1.8
Pred_Tuned,AAPL,0.0048,hold,0.5
Pred_Tuned,AAPL,0.0694,hold,6.9
Pred_Tuned,AAPL,0.0366,hold,3.7
Pred_Tuned,AAPL,0.0475,hold,4.7
Pred_Tuned,AAPL,0.0335,hold,3.3
Pred_Tuned,AAPL,0.0641,hold,6.4
Pred_Tuned,AAPL,0.1248,hold,12.5
Pred_Tuned,AAPL,0.0694,hold,6.9
Pred_Tuned,AAPL,0.0826,hold,8.3
Pred_Tuned,AAPL,0.0869,hold,8.7
Pred_Tuned,AAPL,0.0149,hold,1.5
Pred_Tuned,AAPL,0.0044,hold,0.4
Pred_Tuned,AAPL,0.02,hold,2.0
Pred_Tuned,AAPL,0.0199,hold,2.0
Pred_Tuned,AAPL,0.0084,hold,0.8
Pred_Tuned,AAPL,0.0099,hold,1.0
Pred_Tuned,AAPL,0.0079,hold,0.8
Pred_Tuned,AAPL,0.0286,hold,2.9
Pred_Tuned,AAPL,0.006,hold,0.6
Pred_Tuned,AAPL,0.0089,hold,0.9
Pred_Tuned,AAPL,0.1169,hold,11.7
Pred_Tuned,AAPL,0.0567,hold,5.7
Pred_Tuned,AAPL,0.0161,hold,1.6
Pred_Tuned,AAPL,0.0234,hold,2.3
Pred_Tuned,AAPL,0.0255,hold,2.6
Pred_Tuned,AAPL,0.0208,hold,2.1
Pred_Tuned,AAPL,0.0138,hold,1.4
Pred_Tuned,AAPL,0.0565,hold,5.6
Pred_Tuned,AAPL,0.1171,hold,11.7
Pred_Tuned,AAPL,0.0107,hold,1.1
Pred_Tuned,AAPL,0.0428,hold,4.3
Pred_Tuned,AAPL,0.0233,hold,2.3
Pred_Tuned,AAPL,0.0105,hold,1.0
Pred_Tuned,AAPL,0.0061,hold,0.6
Pred_Tuned,AAPL,0.0043,hold,0.4
Pred_Tuned,AAPL,0.0041,hold,0.4
Pred_Tuned,AAPL,0.0346,hold,3.5
Pred_Tuned,AAPL,0.1138,hold,11.4
Pred_Tuned,AAPL,0.046,hold,4.6
Pred_Tuned,AAPL,0.0379,hold,3.8
Pred_Tuned,AAPL,0.0414,hold,4.1
Pred_Tuned,AAPL,0.0738,hold,7.4
Pred_Tuned,AAPL,0.0563,hold,5.6
Pred_Tuned,AAPL,0.7598,buy,76.0
Pred_Tuned,AAPL,0.8169,buy,81.7
Pred_Tuned,AAPL,0.1471,hold,14.7
Pred_Tuned,AAPL,0.0682,hold,6.8
Pred_Tuned,AAPL,0.0472,hold,4.7
Pred_Tuned,AAPL,0.0473,hold,4.7
Pred_Tuned,AAPL,0.0981,hold,9.8
Pred_Tuned,AAPL,0.012,hold,1.2
Pred_Tuned,AAPL,0.0233,hold,2.3
Pred_Tuned,AAPL,0.0256,hold,2.6
Pred_Tuned,AAPL,0.0403,hold,4.0
Pred_Tuned,AAPL,0.0191,hold,1.9
Pred_Tuned,AAPL,0.0188,hold,1.9
Pred_Tuned,AAPL,0.0287,hold,2.9
Pred_Tuned,AAPL,0.057,hold,5.7
Pred_Tuned,AAPL,0.0168,hold,1.7
Pred_Tuned,AAPL,0.0151,hold,1.5
Pred_Tuned,AAPL,0.022,hold,2.2
Pred_Tuned,AAPL,0.0069,hold,0.7
Pred_Tuned,AAPL,0.0017,hold,0.2
Pred_Tuned,AAPL,0.0093,hold,0.9
Pred_Tuned,AAPL,0.0463,hold,4.6
Pred_Tuned,AAPL,0.287,hold,28.7
Pred_Tuned,AAPL,0.0259,hold,2.6
Pred_Tuned,AAPL,0.0376,hold,3.8
Pred_Tuned,AAPL,0.0582,hold,5.8
Pred_Tuned,AAPL,0.0559,hold,5.6
Pred_Tuned,AAPL,0.0809,hold,8.1
Pred_Tuned,AAPL,0.0494,hold,4.9
Pred_Tuned,AAPL,0.0748,hold,7.5
Pred_Tuned,AAPL,0.165,hold,16.5
Pred_Tuned,AAPL,0.1422,hold,14.2
Pred_Tuned,AAPL,0.0643,hold,6.4
Pred_Tuned,AAPL,0.1548,hold,15.5
Pred_Tuned,AAPL,0.1006,hold,10.1
Pred_Tuned,AAPL,0.0919,hold,9.2
Pred_Tuned,AAPL,0.0514,hold,5.1
Pred_Tuned,AAPL,0.054,hold,5.4
Pred_Tuned,AAPL,0.0544,hold,5.4
Pred_Tuned,AAPL,0.0717,hold,7.2
Pred_Tuned,AAPL,0.1141,hold,11.4
Pred_Tuned,AAPL,0.0463,hold,4.6
Pred_Tuned,AAPL,0.1308,hold,13.1
Pred_Tuned,AAPL,0.0679,hold,6.8
Pred_Tuned,AAPL,0.0626,hold,6.3
Pred_Tuned,AAPL,0.1354,hold,13.5
Pred_Tuned,AAPL,0.1874,hold,18.7
Pred_Tuned,AAPL,0.0831,hold,8.3
Pred_Tuned,AAPL,0.2384,hold,23.8
Pred_Tuned,AAPL,0.2043,hold,20.4
Pred_Tuned,AAPL,0.1958,hold,19.6
Pred_Tuned,AAPL,0.1243,hold,12.4
Pred_Tuned,AAPL,0.0746,hold,7.5
Pred_Tuned,AAPL,0.1995,hold,19.9
Pred_Tuned,AAPL,0.1703,hold,17.0
Pred_Tuned,AAPL,0.0325,hold,3.2
Pred_Tuned,AAPL,0.0636,hold,6.4
Pred_Tuned,AAPL,0.008,hold,0.8
Pred_Tuned,AAPL,0.0069,hold,0.7
Pred_Tuned,AAPL,0.0072,hold,0.7
Pred_Tuned,AAPL,0.0068,hold,0.7
Pred_Tuned,AAPL,0.0105,hold,1.0
Pred_Tuned,AAPL,0.0057,hold,0.6
Pred_Tuned,AAPL,0.0049,hold,0.5
Pred_Tuned,AAPL,0.004,hold,0.4
Pred_Tuned,AAPL,0.0053,hold,0.5
Pred_Tuned,AAPL,0.0061,hold,0.6
Pred_Tuned,AAPL,0.007,hold,0.7
Pred_Tuned,AAPL,0.0063,hold,0.6
Pred_Tuned,AAPL,0.009,hold,0.9
Pred_Tuned,AAPL,0.017,hold,1.7
Pred_Tuned,AAPL,0.0079,hold,0.8
Pred_Tuned,AAPL,0.0073,hold,0.7
Pred_Tuned,AAPL,0.006,hold,0.6
Pred_Tuned,AAPL,0.0123,hold,1.2
Pred_Tuned,AAPL,0.0075,hold,0.7
Pred_Tuned,AAPL,0.0046,hold,0.5
Pred_Tuned,AAPL,0.0128,hold,1.3
Pred_Tuned,AAPL,0.004,hold,0.4
Pred_Tuned,AAPL,0.0063,hold,0.6
Pred_Tuned,AAPL,0.0411,hold,4.1
Pred_Tuned,AAPL,0.0051,hold,0.5
Pred_Tuned,AAPL,0.0039,hold,0.4
Pred_Tuned,AAPL,0.0069,hold,0.7
Pred_Tuned,AAPL,0.003,hold,0.3
Pred_Tuned,AAPL,0.1637,hold,16.4
Pred_Tuned,AAPL,0.0131,hold,1.3
Pred_Tuned,AAPL,0.1125,hold,11.2
Pred_Tuned,AAPL,0.1117,hold,11.2
Pred_Tuned,AAPL,0.0868,hold,8.7
Pred_Tuned,AAPL,0.1271,hold,12.7
Pred_Tuned,AAPL,0.0668,hold,6.7
Pred_Tuned,AAPL,0.1335,hold,13.3
Pred_Tuned,AAPL,0.0543,hold,5.4
Pred_Tuned,AAPL,0.0577,hold,5.8
Pred_Tuned,AAPL,0.017,hold,1.7
Pred_Tuned,AAPL,0.9555,buy,95.6
Pred_Tuned,AAPL,0.9329,buy,93.3
Pred_Tuned,AAPL,0.5345,hold,53.5
Pred_Tuned,AAPL,0.2742,hold,27.4
Pred_Tuned,AAPL,0.235,hold,23.5
Pred_Tuned,AAPL,0.1646,hold,16.5
Pred_Tuned,AAPL,0.3561,hold,35.6
Pred_Tuned,AAPL,0.0891,hold,8.9
Pred_Tuned,AAPL,0.1771,hold,17.7
Pred_Tuned,AAPL,0.1754,hold,17.5
Pred_Tuned,AAPL,0.0258,hold,2.6
Pred_Tuned,AAPL,0.1859,hold,18.6
Pred_Tuned,AAPL,0.1537,hold,15.4
Pred_Tuned,AAPL,0.0824,hold,8.2
Pred_Tuned,AAPL,0.0905,hold,9.1
Pred_Tuned,AAPL,0.2531,hold,25.3
Pred_Tuned,AAPL,0.4922,hold,49.2
Pred_Tuned,AAPL,0.1403,hold,14.0
Pred_Tuned,AAPL,0.0694,hold,6.9
Pred_Tuned,AAPL,0.1459,hold,14.6
Pred_Tuned,AAPL,0.0504,hold,5.0
Pred_Tuned,AAPL,0.575,buy,57.5
Pred_Tuned,AAPL,0.2899,hold,29.0
Pred_Tuned,AAPL,0.2242,hold,22.4
Pred_Tuned,AAPL,0.0789,hold,7.9
Pred_Tuned,AAPL,0.0764,hold,7.6
Pred_Tuned,AAPL,0.0217,hold,2.2
Pred_Tuned,AAPL,0.0223,hold,2.2
Pred_Tuned,AAPL,0.0174,hold,1.7
Pred_Tuned,AAPL,0.029,hold,2.9
Pred_Tuned,AAPL,0.013,hold,1.3
Pred_Tuned,AAPL,0.0241,hold,2.4
Pred_Tuned,AAPL,0.0486,hold,4.9
Pred_Tuned,AAPL,0.0999,hold,10.0
Pred_Tuned,AAPL,0.9083,buy,90.8
Pred_Tuned,AAPL,0.9208,buy,92.1
Pred_Tuned,AAPL,0.0997,hold,10.0
Pred_Tuned,AAPL,0.0186,hold,1.9
Pred_Tuned,AAPL,0.0777,hold,7.8
Pred_Tuned,AAPL,0.0413,hold,4.1
Pred_Tuned,AAPL,0.0227,hold,2.3
Pred_Tuned,AAPL,0.037,hold,3.7
Pred_Tuned,AAPL,0.0675,hold,6.8
Pred_Tuned,AAPL,0.0436,hold,4.4
Pred_Tuned,AAPL,0.015,hold,1.5
Pred_Tuned,AAPL,0.0791,hold,7.9
Pred_Tuned,AAPL,0.1376,hold,13.8
Pred_Tuned,AAPL,0.0228,hold,2.3
Pred_Tuned,AAPL,0.0146,hold,1.5
Pred_Tuned,AAPL,0.0519,hold,5.2
Pred_Tuned,AAPL,0.0136,hold,1.4
Pred_Tuned,AAPL,0.0142,hold,1.4
Pred_Tuned,AAPL,0.0769,hold,7.7
Pred_Tuned,AAPL,0.4132,hold,41.3
Pred_Tuned,AAPL,0.155,hold,15.5
Pred_Tuned,AAPL,0.0978,hold,9.8
Pred_Tuned,AAPL,0.1741,hold,17.4
Pred_Tuned,AAPL,0.0883,hold,8.8
Pred_Tuned,AAPL,0.1853,hold,18.5
Pred_Tuned,AAPL,0.0623,hold,6.2
Pred_Tuned,AAPL,0.1136,hold,11.4
Pred_Tuned,AAPL,0.0809,hold,8.1
Pred_Tuned,AAPL,0.0784,hold,7.8
Pred_Tuned,AAPL,0.3365,hold,33.7
Pred_Tuned,AAPL,0.9392,buy,93.9
Pred_Tuned,AAPL,0.9371,buy,93.7
Pred_Tuned,AAPL,0.9572,buy,95.7
Pred_Tuned,AAPL,0.8783,buy,87.8
Pred_Tuned,AAPL,0.4403,hold,44.0
Pred_Tuned,AAPL,0.3307,hold,33.1
Pred_Tuned,AAPL,0.1049,hold,10.5
Pred_Tuned,AAPL,0.1444,hold,14.4
Pred_Tuned,AAPL,0.6485,buy,64.8
Pred_Tuned,AAPL,0.6627,buy,66.3
Pred_Tuned,AAPL,0.4162,hold,41.6
Pred_Tuned,AAPL,0.4437,hold,44.4
Pred_Tuned,AAPL,0.6702,buy,67.0
Pred_Tuned,AAPL,0.357,hold,35.7
Pred_Tuned,AAPL,0.208,hold,20.8
Pred_Tuned,AAPL,0.0589,hold,5.9
Pred_Tuned,AAPL,0.2759,hold,27.6
Pred_Tuned,AAPL,0.0288,hold,2.9
Pred_Tuned,AAPL,0.5382,hold,53.8
Pred_Tuned,AAPL,0.0509,hold,5.1
Pred_Tuned,AAPL,0.0329,hold,3.3
Pred_Tuned,AAPL,0.1314,hold,13.1
Pred_Tuned,AAPL,0.9339,buy,93.4
Pred_Tuned,AAPL,0.9477,buy,94.8
Pred_Tuned,AAPL,0.9605,buy,96.0
Pred_Tuned,AAPL,0.047,hold,4.7
Pred_Tuned,AAPL,0.0315,hold,3.2
Pred_Tuned,AAPL,0.0117,hold,1.2
Pred_Tuned,AAPL,0.0341,hold,3.4
Pred_Tuned,AAPL,0.0155,hold,1.6
Pred_Tuned,AAPL,0.0446,hold,4.5
Pred_Tuned,AAPL,0.0803,hold,8.0
Pred_Tuned,AAPL,0.0895,hold,8.9
Pred_Tuned,AAPL,0.0481,hold,4.8
Pred_Tuned,AAPL,0.018,hold,1.8
Pred_Tuned,AAPL,0.003,hold,0.3
Pred_Tuned,AAPL,0.0256,hold,2.6
Pred_Tuned,AAPL,0.0216,hold,2.2
Pred_Tuned,AAPL,0.0156,hold,1.6
Pred_Tuned,AAPL,0.0091,hold,0.9
Pred_Tuned,AAPL,0.0244,hold,2.4
Pred_Tuned,AAPL,0.0325,hold,3.2
Pred_Tuned,AAPL,0.0158,hold,1.6
Pred_Tuned,AAPL,0.0178,hold,1.8
Pred_Tuned,AAPL,0.041,hold,4.1
Pred_Tuned,AAPL,0.0156,hold,1.6
Pred_Tuned,AAPL,0.0148,hold,1.5
Pred_Tuned,AAPL,0.0116,hold,1.2
Pred_Tuned,AAPL,0.2321,hold,23.2
Pred_Tuned,AAPL,0.0164,hold,1.6
Pred_Tuned,AAPL,0.093,hold,9.3
Pred_Tuned,AAPL,0.0068,hold,0.7
Pred_Tuned,AAPL,0.0074,hold,0.7
Pred_Tuned,AAPL,0.0062,hold,0.6
Pred_Tuned,AAPL,0.1306,hold,13.1
Pred_Tuned,AAPL,0.149,hold,14.9
Pred_Tuned,AAPL,0.2463,hold,24.6
Pred_Tuned,AAPL,0.0839,hold,8.4
Pred_Tuned,AAPL,0.305,hold,30.5
Pred_Tuned,AAPL,0.2482,hold,24.8
Pred_Tuned,AAPL,0.9405,buy,94.0
Pred_Tuned,AAPL,0.9364,buy,93.6
Pred_Tuned,AAPL,0.9168,buy,91.7
Pred_Tuned,AAPL,0.9633,buy,96.3
Pred_Tuned,AAPL,0.222,hold,22.2
Pred_Tuned,AAPL,0.1046,hold,10.5
Pred_Tuned,AAPL,0.3479,hold,34.8
Pred_Tuned,AAPL,0.279,hold,27.9
Pred_Tuned,AAPL,0.2047,hold,20.5
Pred_Tuned,AAPL,0.7502,buy,75.0
Pred_Tuned,AAPL,0.4744,hold,47.4
Pred_Tuned,AAPL,0.0215,hold,2.1
Pred_Tuned,AAPL,0.0265,hold,2.6
Pred_Tuned,AAPL,0.0804,hold,8.0
Pred_Tuned,AAPL,0.0358,hold,3.6
Pred_Tuned,AAPL,0.0529,hold,5.3
Pred_Tuned,AAPL,0.1572,hold,15.7
Pred_Tuned,AAPL,0.0254,hold,2.5
Pred_Tuned,AAPL,0.03,hold,3.0
Pred_Tuned,AAPL,0.1715,hold,17.2
Pred_Tuned,AAPL,0.0216,hold,2.2
Pred_Tuned,AAPL,0.0628,hold,6.3
Pred_Tuned,AAPL,0.1964,hold,19.6
Pred_Tuned,AAPL,0.2772,hold,27.7
Pred_Tuned,AAPL,0.3829,hold,38.3
Pred_Tuned,AAPL,0.2259,hold,22.6
Pred_Tuned,AAPL,0.1345,hold,13.5
Pred_Tuned,AAPL,0.1348,hold,13.5
Pred_Tuned,AAPL,0.659,buy,65.9
Pred_Tuned,AAPL,0.5199,hold,52.0
Pred_Tuned,AAPL,0.3697,hold,37.0
Pred_Tuned,AAPL,0.1127,hold,11.3
Pred_Tuned,AAPL,0.6123,buy,61.2
Pred_Tuned,AAPL,0.2796,hold,28.0
Pred_Tuned,AAPL,0.2662,hold,26.6
Pred_Tuned,AAPL,0.4123,hold,41.2
Pred_Tuned,AAPL,0.0419,hold,4.2
Pred_Tuned,AAPL,0.2215,hold,22.1
Pred_Tuned,AAPL,0.646,buy,64.6
Pred_Tuned,AAPL,0.5045,hold,50.5
Pred_Tuned,AAPL,0.2231,hold,22.3
Pred_Tuned,AAPL,0.0648,hold,6.5
Pred_Tuned,AAPL,0.0876,hold,8.8
Pred_Tuned,AAPL,0.1625,hold,16.2
Pred_Tuned,AAPL,0.0381,hold,3.8
Pred_Tuned,AAPL,0.0395,hold,4.0
Pred_Tuned,AAPL,0.0616,hold,6.2
Pred_Tuned,AAPL,0.0681,hold,6.8
Pred_Tuned,AAPL,0.0726,hold,7.3
Pred_Tuned,AAPL,0.0532,hold,5.3
Pred_Tuned,AAPL,0.0373,hold,3.7
Pred_Tuned,AAPL,0.0451,hold,4.5
Pred_Tuned,AAPL,0.0204,hold,2.0
Pred_Tuned,AAPL,0.041,hold,4.1
Pred_Tuned,AAPL,0.0562,hold,5.6
Pred_Tuned,AAPL,0.0998,hold,10.0
Pred_Tuned,AAPL,0.0297,hold,3.0
Pred_Tuned,AAPL,0.0752,hold,7.5
Pred_Tuned,AAPL,0.0042,hold,0.4
Pred_Tuned,AAPL,0.0174,hold,1.7
Pred_Tuned,AAPL,0.0088,hold,0.9
Pred_Tuned,AAPL,0.0026,hold,0.3
Pred_Tuned,AAPL,0.0229,hold,2.3
Pred_Tuned,AAPL,0.0223,hold,2.2
Pred_Tuned,AAPL,0.1162,hold,11.6
Pred_Tuned,AAPL,0.1036,hold,10.4
Pred_Tuned,AAPL,0.0582,hold,5.8
Pred_Tuned,AAPL,0.3626,hold,36.3
Pred_Tuned,AAPL,0.0741,hold,7.4
Pred_Tuned,AAPL,0.0714,hold,7.1
Pred_Tuned,AAPL,0.3297,hold,33.0
Pred_Tuned,AAPL,0.1928,hold,19.3
Pred_Tuned,AAPL,0.1,hold,10.0
Pred_Tuned,AAPL,0.1944,hold,19.4
Pred_Tuned,AAPL,0.0132,hold,1.3
Pred_Tuned,AAPL,0.0076,hold,0.8
Pred_Tuned,AAPL,0.0164,hold,1.6
Pred_Tuned,AAPL,0.0398,hold,4.0
Pred_Tuned,AAPL,0.0347,hold,3.5
Pred_Tuned,AAPL,0.0169,hold,1.7
Pred_Tuned,AAPL,0.0996,hold,10.0
Pred_Tuned,AAPL,0.0557,hold,5.6
Pred_Tuned,AAPL,0.1086,hold,10.9
Pred_Tuned,AAPL,0.0903,hold,9.0
Pred_Tuned,AAPL,0.1139,hold,11.4
Pred_Tuned,AAPL,0.045,hold,4.5
Pred_Tuned,AAPL,0.0113,hold,1.1
Pred_Tuned,AAPL,0.0213,hold,2.1
Pred_Tuned,AAPL,0.0538,hold,5.4
Pred_Tuned,AAPL,0.0081,hold,0.8
Pred_Tuned,AAPL,0.0032,hold,0.3
Pred_Tuned,AAPL,0.0113,hold,1.1
Pred_Tuned,AAPL,0.0976,hold,9.8
Pred_Tuned,AAPL,0.0308,hold,3.1
Pred_Tuned,AAPL,0.0099,hold,1.0
Pred_Tuned,AAPL,0.0041,hold,0.4
Pred_Tuned,AAPL,0.1235,hold,12.4
Pred_Tuned,AAPL,0.3028,hold,30.3
Pred_Tuned,AAPL,0.0779,hold,7.8
Pred_Tuned,AAPL,0.6966,buy,69.7
Pred_Tuned,AAPL,0.2962,hold,29.6
Pred_Tuned,AAPL,0.4272,hold,42.7
Pred_Tuned,AAPL,0.0443,hold,4.4
Pred_Tuned,AAPL,0.0472,hold,4.7
Pred_Tuned,AAPL,0.2152,hold,21.5
Pred_Tuned,AAPL,0.9456,buy,94.6
Pred_Tuned,AAPL,0.4417,hold,44.2
Pred_Tuned,AAPL,0.8033,buy,80.3
Pred_Tuned,AAPL,0.772,buy,77.2
Pred_Tuned,AAPL,0.5792,buy,57.9
Pred_Tuned,AAPL,0.6498,buy,65.0
Pred_Tuned,AAPL,0.0516,hold,5.2
Pred_Tuned,AAPL,0.4169,hold,41.7
Pred_Tuned,AAPL,0.294,hold,29.4
Pred_Tuned,AAPL,0.346,hold,34.6
Pred_Tuned,AAPL,0.2185,hold,21.9
Pred_Tuned,AAPL,0.1325,hold,13.3
Pred_Tuned,AAPL,0.1107,hold,11.1
Pred_Tuned,AAPL,0.1775,hold,17.7
Pred_Tuned,AAPL,0.753,buy,75.3
Pred_Tuned,AAPL,0.2127,hold,21.3
Pred_Tuned,AAPL,0.6668,buy,66.7
Pred_Tuned,AAPL,0.3615,hold,36.1
Pred_Tuned,AAPL,0.5297,hold,53.0
Pred_Tuned,AAPL,0.5259,hold,52.6
Pred_Tuned,AAPL,0.8141,buy,81.4
Pred_Tuned,AAPL,0.8856,buy,88.6
Pred_Tuned,AAPL,0.9384,buy,93.8
Pred_Tuned,AAPL,0.9206,buy,92.1
Pred_Tuned,AAPL,0.4101,hold,41.0
Pred_Tuned,AAPL,0.1585,hold,15.9
Pred_Tuned,AAPL,0.2506,hold,25.1
Pred_Tuned,AAPL,0.1349,hold,13.5
Pred_Tuned,AAPL,0.1248,hold,12.5
Pred_Tuned,AAPL,0.0768,hold,7.7
Pred_Tuned,AAPL,0.3279,hold,32.8
Pred_Tuned,AAPL,0.3157,hold,31.6
Pred_Tuned,AAPL,0.0332,hold,3.3
Pred_Tuned,AAPL,0.2122,hold,21.2
Pred_Tuned,AAPL,0.1928,hold,19.3
Pred_Tuned,AAPL,0.142,hold,14.2
Pred_Tuned,AAPL,0.0697,hold,7.0
Pred_Tuned,AAPL,0.5389,hold,53.9
Pred_Tuned,AAPL,0.4805,hold,48.1
Pred_Tuned,AAPL,0.0474,hold,4.7
Pred_Tuned,AAPL,0.0181,hold,1.8
Pred_Tuned,AAPL,0.0205,hold,2.0
Pred_Tuned,AAPL,0.0086,hold,0.9
Pred_Tuned,AAPL,0.0623,hold,6.2
Pred_Tuned,AAPL,0.1105,hold,11.1
Pred_Tuned,AAPL,0.0331,hold,3.3
Pred_Tuned,AAPL,0.0187,hold,1.9
Pred_Tuned,AAPL,0.009,hold,0.9
Pred_Tuned,AAPL,0.004,hold,0.4
Pred_Tuned,AAPL,0.0705,hold,7.1
Pred_Tuned,AAPL,0.0161,hold,1.6
Pred_Tuned,AAPL,0.0046,hold,0.5
Pred_Tuned,AAPL,0.0201,hold,2.0
Pred_Tuned,AAPL,0.0371,hold,3.7
Pred_Tuned,AAPL,0.0314,hold,3.1
Pred_Tuned,AAPL,0.1276,hold,12.8
Pred_Tuned,AAPL,0.0107,hold,1.1
Pred_Tuned,AAPL,0.061,hold,6.1
Pred_Tuned,AAPL,0.9689,buy,96.9
Pred_Tuned,AAPL,0.8744,buy,87.4
Pred_Tuned,AAPL,0.9199,buy,92.0
Pred_Tuned,AAPL,0.3021,hold,30.2
Pred_Tuned,AAPL,0.2734,hold,27.3
Pred_Tuned,AAPL,0.2327,hold,23.3
Pred_Tuned,AAPL,0.2326,hold,23.3
Pred_Tuned,AAPL,0.2203,hold,22.0
Pred_Tuned,AAPL,0.3162,hold,31.6
Pred_Tuned,AAPL,0.0928,hold,9.3
Pred_Tuned,AAPL,0.1793,hold,17.9
Pred_Tuned,AAPL,0.3147,hold,31.5
Pred_Tuned,AAPL,0.611,buy,61.1
Pred_Tuned,AAPL,0.1529,hold,15.3
Pred_Tuned,AAPL,0.5329,hold,53.3
Pred_Tuned,AAPL,0.5071,hold,50.7
Pred_Tuned,AAPL,0.0915,hold,9.1
Pred_Tuned,AAPL,0.0347,hold,3.5
Pred_Tuned,AAPL,0.2845,hold,28.5
Pred_Tuned,AAPL,0.0426,hold,4.3
Pred_Tuned,AAPL,0.4244,hold,42.4
Pred_Tuned,AAPL,0.1014,hold,10.1
Pred_Tuned,AAPL,0.2421,hold,24.2
Pred_Tuned,AAPL,0.4058,hold,40.6
Pred_Tuned,AAPL,0.6608,buy,66.1
Pred_Tuned,AAPL,0.3628,hold,36.3
Pred_Tuned,AAPL,0.1337,hold,13.4
Pred_Tuned,AAPL,0.0477,hold,4.8
Pred_Tuned,AAPL,0.0447,hold,4.5
Pred_Tuned,AAPL,0.0255,hold,2.5
Pred_Tuned,AAPL,0.6836,buy,68.4
Pred_Tuned,AAPL,0.0163,hold,1.6
Pred_Tuned,AAPL,0.0762,hold,7.6
Pred_Tuned,AAPL,0.0093,hold,0.9
Pred_Tuned,AAPL,0.0195,hold,1.9
Pred_Tuned,AAPL,0.0407,hold,4.1
Pred_Tuned,AAPL,0.0057,hold,0.6
Pred_Tuned,AAPL,0.8092,buy,80.9
Pred_Tuned,AAPL,0.1019,hold,10.2
Pred_Tuned,AAPL,0.0878,hold,8.8
Pred_Tuned,AAPL,0.0275,hold,2.8
Pred_Tuned,AAPL,0.0229,hold,2.3
Pred_Tuned,AAPL,0.2387,hold,23.9
Pred_Tuned,AAPL,0.1232,hold,12.3
Pred_Tuned,AAPL,0.9169,buy,91.7
Pred_Tuned,AAPL,0.328,hold,32.8
Pred_Tuned,AAPL,0.447,hold,44.7
Pred_Tuned,AAPL,0.8017,buy,80.2
Pred_Tuned,AAPL,0.1808,hold,18.1
Pred_Tuned,AAPL,0.9152,buy,91.5
Pred_Tuned,AAPL,0.0709,hold,7.1
Pred_Tuned,AAPL,0.0759,hold,7.6
Pred_Tuned,AAPL,0.192,hold,19.2
Pred_Tuned,AAPL,0.2742,hold,27.4
Pred_Tuned,AAPL,0.6144,buy,61.4
Pred_Tuned,AAPL,0.0578,hold,5.8
Pred_Tuned,AAPL,0.2713,hold,27.1
Pred_Tuned,AAPL,0.0081,hold,0.8
Pred_Tuned,AAPL,0.0387,hold,3.9
Pred_Tuned,AAPL,0.057,hold,5.7
Pred_Tuned,AAPL,0.3434,hold,34.3
Pred_Tuned,AAPL,0.7276,buy,72.8
Pred_Tuned,AAPL,0.7968,buy,79.7
Pred_Tuned,AAPL,0.4427,hold,44.3
Pred_Tuned,AAPL,0.9561,buy,95.6
Pred_Tuned,AAPL,0.9112,buy,91.1
Pred_Tuned,AAPL,0.962,buy,96.2
Pred_Tuned,AAPL,0.8218,buy,82.2
Pred_Tuned,AAPL,0.7411,buy,74.1
Pred_Tuned,AAPL,0.9334,buy,93.3
Pred_Tuned,AAPL,0.9161,buy,91.6
Pred_Tuned,AAPL,0.2521,hold,25.2
Pred_Tuned,AAPL,0.1772,hold,17.7
Pred_Tuned,AAPL,0.234,hold,23.4
Pred_Tuned,AAPL,0.0556,hold,5.6
Pred_Tuned,AAPL,0.1752,hold,17.5
Pred_Tuned,AAPL,0.2582,hold,25.8
Pred_Tuned,AAPL,0.4971,hold,49.7
Pred_Tuned,AAPL,0.6875,buy,68.7
Pred_Tuned,AAPL,0.2403,hold,24.0
Pred_Tuned,AAPL,0.1882,hold,18.8
Pred_Tuned,AAPL,0.2478,hold,24.8
Pred_Tuned,AAPL,0.1971,hold,19.7
Pred_Tuned,AAPL,0.4686,hold,46.9
Pred_Tuned,AAPL,0.1338,hold,13.4
Pred_Tuned,AAPL,0.175,hold,17.5
Pred_Tuned,AAPL,0.7619,buy,76.2
Pred_Tuned,AAPL,0.3475,hold,34.8
Pred_Tuned,AAPL,0.173,hold,17.3
Pred_Tuned,AAPL,0.3771,hold,37.7
Pred_Tuned,AAPL,0.3152,hold,31.5
Pred_Tuned,AAPL,0.2678,hold,26.8
Pred_Tuned,AAPL,0.0168,hold,1.7
Pred_Tuned,AAPL,0.2644,hold,26.4
Pred_Tuned,AAPL,0.891,buy,89.1
Pred_Tuned,AAPL,0.2173,hold,21.7
Pred_Tuned,AAPL,0.076,hold,7.6
Pred_Tuned,AAPL,0.3455,hold,34.5
Pred_Tuned,AAPL,0.0369,hold,3.7
Pred_Tuned,AAPL,0.9579,buy,95.8
Pred_Tuned,AAPL,0.9667,buy,96.7
Pred_Tuned,AAPL,0.9615,buy,96.1
Pred_Tuned,AAPL,0.9155,buy,91.6
Pred_Tuned,AAPL,0.5795,buy,57.9
Pred_Tuned,AAPL,0.0185,hold,1.8
Pred_Tuned,AAPL,0.0038,hold,0.4
Pred_Tuned,AAPL,0.0288,hold,2.9
Pred_Tuned,AAPL,0.0424,hold,4.2
Pred_Tuned,AAPL,0.0402,hold,4.0
Pred_Tuned,AAPL,0.1181,hold,11.8
Pred_Tuned,AAPL,0.4021,hold,40.2
Pred_Tuned,AAPL,0.9585,buy,95.9
Pred_Tuned,AAPL,0.5376,hold,53.8
Pred_Tuned,AAPL,0.2278,hold,22.8
Pred_Tuned,AAPL,0.2059,hold,20.6
Pred_Tuned,AAPL,0.2111,hold,21.1
Pred_Tuned,AAPL,0.2589,hold,25.9
Pred_Tuned,AAPL,0.3992,hold,39.9
Pred_Tuned,AAPL,0.0349,hold,3.5
Pred_Tuned,AAPL,0.0627,hold,6.3
Pred_Tuned,AAPL,0.0737,hold,7.4
Pred_Tuned,AAPL,0.0464,hold,4.6
Pred_Tuned,AAPL,0.3316,hold,33.2
Pred_Tuned,AAPL,0.3978,hold,39.8
Pred_Tuned,AAPL,0.6977,buy,69.8
Pred_Tuned,AAPL,0.4328,hold,43.3
Pred_Tuned,AAPL,0.4124,hold,41.2
Pred_Tuned,AAPL,0.6134,buy,61.3
Pred_Tuned,AAPL,0.8642,buy,86.4
Pred_Tuned,AAPL,0.9886,buy,98.9
Pred_Tuned,AAPL,0.9385,buy,93.9
Pred_Tuned,AAPL,0.9671,buy,96.7
Pred_Tuned,AAPL,0.1876,hold,18.8
Pred_Tuned,AAPL,0.2799,hold,28.0
Pred_Tuned,AAPL,0.2088,hold,20.9
Pred_Tuned,AAPL,0.5511,buy,55.1
Pred_Tuned,AAPL,0.5005,hold,50.0
Pred_Tuned,AAPL,0.1436,hold,14.4
Pred_Tuned,AAPL,0.3257,hold,32.6
Pred_Tuned,AAPL,0.1643,hold,16.4
Pred_Tuned,AAPL,0.2095,hold,21.0
Pred_Tuned,AAPL,0.1353,hold,13.5
Pred_Tuned,AAPL,0.1437,hold,14.4
Pred_Tuned,AAPL,0.1441,hold,14.4
Pred_Tuned,AAPL,0.1536,hold,15.4
Pred_Tuned,AAPL,0.1543,hold,15.4
Pred_Tuned,AAPL,0.0808,hold,8.1
Pred_Tuned,AAPL,0.0795,hold,7.9
Pred_Tuned,AAPL,0.2841,hold,28.4
Pred_Tuned,AAPL,0.0609,hold,6.1
Pred_Tuned,AAPL,0.0637,hold,6.4
Pred_Tuned,AAPL,0.0719,hold,7.2
Pred_Tuned,AAPL,0.0418,hold,4.2
Pred_Tuned,AAPL,0.0381,hold,3.8
Pred_Tuned,AAPL,0.1507,hold,15.1
Pred_Tuned,AAPL,0.3543,hold,35.4
Pred_Tuned,AAPL,0.1587,hold,15.9
Pred_Tuned,AAPL,0.2348,hold,23.5
Pred_Tuned,AAPL,0.0443,hold,4.4
Pred_Tuned,AAPL,0.0145,hold,1.4
Pred_Tuned,AAPL,0.0121,hold,1.2
Pred_Tuned,AAPL,0.0748,hold,7.5
Pred_Tuned,AAPL,0.0102,hold,1.0
Pred_Tuned,AAPL,0.0345,hold,3.4
Pred_Tuned,AAPL,0.0343,hold,3.4
Pred_Tuned,AAPL,0.0103,hold,1.0
Pred_Tuned,AAPL,0.015,hold,1.5
Pred_Tuned,AAPL,0.0065,hold,0.7
Pred_Tuned,AAPL,0.0528,hold,5.3
Pred_Tuned,AAPL,0.0202,hold,2.0
Pred_Tuned,AAPL,0.006,hold,0.6
Pred_Tuned,AAPL,0.0061,hold,0.6
Pred_Tuned,AAPL,0.0045,hold,0.5
Pred_Tuned,AAPL,0.004,hold,0.4
Pred_Tuned,AAPL,0.0056,hold,0.6
Pred_Tuned,AAPL,0.0022,hold,0.2
Pred_Tuned,AAPL,0.0035,hold,0.3
Pred_Tuned,AAPL,0.0051,hold,0.5
Pred_Tuned,AAPL,0.0089,hold,0.9
Pred_Tuned,AAPL,0.0038,hold,0.4
Pred_Tuned,AAPL,0.0014,hold,0.1
Pred_Tuned,AAPL,0.0131,hold,1.3
Pred_Tuned,AAPL,0.0347,hold,3.5
Pred_Tuned,AAPL,0.0036,hold,0.4
Pred_Tuned,AAPL,0.0012,hold,0.1
Pred_Tuned,AAPL,0.003,hold,0.3
Pred_Tuned,AAPL,0.0152,hold,1.5
Pred_Tuned,AAPL,0.0985,hold,9.9
Pred_Tuned,AAPL,0.0082,hold,0.8
Pred_Tuned,AAPL,0.0033,hold,0.3
Pred_Tuned,AAPL,0.0045,hold,0.4
Pred_Tuned,AAPL,0.0543,hold,5.4
Pred_Tuned,AAPL,0.3022,hold,30.2
Pred_Tuned,AAPL,0.9477,buy,94.8
Pred_Tuned,AAPL,0.9504,buy,95.0
Pred_Tuned,AAPL,0.951,buy,95.1
Pred_Tuned,AAPL,0.5202,hold,52.0
Pred_Tuned,AAPL,0.0789,hold,7.9
Pred_Tuned,AAPL,0.579,buy,57.9
Pred_Tuned,AAPL,0.4033,hold,40.3
Pred_Tuned,AAPL,0.201,hold,20.1
Pred_Tuned,AAPL,0.4236,hold,42.4
Pred_Tuned,AAPL,0.0422,hold,4.2
Pred_Tuned,AAPL,0.1675,hold,16.7
Pred_Tuned,AAPL,0.0316,hold,3.2
Pred_Tuned,AAPL,0.0323,hold,3.2
Pred_Tuned,AAPL,0.1725,hold,17.3
Pred_Tuned,AAPL,0.2062,hold,20.6
Pred_Tuned,AAPL,0.0403,hold,4.0
Pred_Tuned,AAPL,0.2369,hold,23.7
Pred_Tuned,AAPL,0.1073,hold,10.7
Pred_Tuned,AAPL,0.0445,hold,4.4
Pred_Tuned,AAPL,0.2109,hold,21.1
Pred_Tuned,AAPL,0.148,hold,14.8
Pred_Tuned,AAPL,0.0867,hold,8.7
Pred_Tuned,AAPL,0.1178,hold,11.8
Pred_Tuned,AAPL,0.2732,hold,27.3
Pred_Tuned,AAPL,0.0179,hold,1.8
Pred_Tuned,AAPL,0.0854,hold,8.5
Pred_Tuned,AAPL,0.3063,hold,30.6
Pred_Tuned,AAPL,0.2059,hold,20.6
Pred_Tuned,AAPL,0.1315,hold,13.2
Pred_Tuned,AAPL,0.0928,hold,9.3
Pred_Tuned,AAPL,0.6499,buy,65.0
Pred_Tuned,AAPL,0.9407,buy,94.1
Pred_Tuned,AAPL,0.0896,hold,9.0
Pred_Tuned,AAPL,0.0687,hold,6.9
Pred_Tuned,AAPL,0.0061,hold,0.6
Pred_Tuned,AAPL,0.0276,hold,2.8
Pred_Tuned,AAPL,0.0157,hold,1.6
Pred_Tuned,AAPL,0.013,hold,1.3
Pred_Tuned,AAPL,0.0264,hold,2.6
Pred_Tuned,AAPL,0.0231,hold,2.3
Pred_Tuned,AAPL,0.0436,hold,4.4
Pred_Tuned,AAPL,0.0419,hold,4.2
Pred_Tuned,AAPL,0.0063,hold,0.6
Pred_Tuned,AAPL,0.0491,hold,4.9
Pred_Tuned,AAPL,0.0241,hold,2.4
Pred_Tuned,AAPL,0.0346,hold,3.5
Pred_Tuned,AAPL,0.0172,hold,1.7
Pred_Tuned,AAPL,0.022,hold,2.2
Pred_Tuned,AAPL,0.0142,hold,1.4
Pred_Tuned,AAPL,0.0271,hold,2.7
Pred_Tuned,AAPL,0.0052,hold,0.5
Pred_Tuned,AAPL,0.0048,hold,0.5
Pred_Tuned,AAPL,0.1565,hold,15.6
Pred_Tuned,AAPL,0.0715,hold,7.2
Pred_Tuned,AAPL,0.0039,hold,0.4
Pred_Tuned,AAPL,0.003,hold,0.3
Pred_Tuned,AAPL,0.1122,hold,11.2
Pred_Tuned,AAPL,0.06,hold,6.0
Pred_Tuned,AAPL,0.0637,hold,6.4
Pred_Tuned,AAPL,0.0852,hold,8.5
Pred_Tuned,AAPL,0.0567,hold,5.7
Pred_Tuned,AAPL,0.0441,hold,4.4
Pred_Tuned,AAPL,0.0772,hold,7.7
Pred_Tuned,AAPL,0.8823,buy,88.2
Pred_Tuned,AAPL,0.2098,hold,21.0
Pred_Tuned,AAPL,0.14,hold,14.0
Pred_Tuned,AAPL,0.0636,hold,6.4
Pred_Tuned,AAPL,0.051,hold,5.1
Pred_Tuned,AAPL,0.0682,hold,6.8
Pred_Tuned,AAPL,0.0778,hold,7.8
Pred_Tuned,AAPL,0.1295,hold,12.9
Pred_Tuned,AAPL,0.0795,hold,8.0
Pred_Tuned,AAPL,0.0317,hold,3.2
Pred_Tuned,AAPL,0.2536,hold,25.4
Pred_Tuned,AAPL,0.0883,hold,8.8
Pred_Tuned,AAPL,0.1372,hold,13.7
Pred_Tuned,AAPL,0.126,hold,12.6
Pred_Tuned,AAPL,0.1163,hold,11.6
Pred_Tuned,AAPL,0.0977,hold,9.8
Pred_Tuned,AAPL,0.2854,hold,28.5
Pred_Tuned,AAPL,0.11,hold,11.0
Pred_Tuned,AAPL,0.088,hold,8.8
Pred_Tuned,AAPL,0.2014,hold,20.1
Pred_Tuned,AAPL,0.3043,hold,30.4
Pred_Tuned,AAPL,0.0471,hold,4.7
Pred_Tuned,AAPL,0.2638,hold,26.4
Pred_Tuned,AAPL,0.1654,hold,16.5
Pred_Tuned,AAPL,0.3025,hold,30.3
Pred_Tuned,AAPL,0.5033,hold,50.3
Pred_Tuned,AAPL,0.9328,buy,93.3
Pred_Tuned,AAPL,0.9823,buy,98.2
Pred_Tuned,AAPL,0.962,buy,96.2
Pred_Tuned,AAPL,0.8995,buy,90.0
Pred_Tuned,AAPL,0.8483,buy,84.8
Pred_Tuned,AAPL,0.3493,hold,34.9
Pred_Tuned,AAPL,0.2594,hold,25.9
Pred_Tuned,AAPL,0.0864,hold,8.6
Pred_Tuned,AAPL,0.0177,hold,1.8
Pred_Tuned,AAPL,0.0158,hold,1.6
Pred_Tuned,AAPL,0.0287,hold,2.9
Pred_Tuned,AAPL,0.0614,hold,6.1
Pred_Tuned,AAPL,0.9308,buy,93.1
Pred_Tuned,AAPL,0.0709,hold,7.1
Pred_Tuned,AAPL,0.0946,hold,9.5
Pred_Tuned,AAPL,0.3603,hold,36.0
Pred_Tuned,AAPL,0.0618,hold,6.2
Pred_Tuned,AAPL,0.0396,hold,4.0
Pred_Tuned,AAPL,0.0642,hold,6.4
Pred_Tuned,AAPL,0.2071,hold,20.7
Pred_Tuned,AAPL,0.3363,hold,33.6
Pred_Tuned,AAPL,0.1436,hold,14.4
Pred_Tuned,AAPL,0.0298,hold,3.0
Pred_Tuned,AAPL,0.0129,hold,1.3
Pred_Tuned,AAPL,0.0737,hold,7.4
Pred_Tuned,AAPL,0.0411,hold,4.1
Pred_Tuned,AAPL,0.0364,hold,3.6
Pred_Tuned,AAPL,0.0178,hold,1.8
Pred_Tuned,AAPL,0.011,hold,1.1
Pred_Tuned,AAPL,0.0051,hold,0.5
Pred_Tuned,AAPL,0.0061,hold,0.6
Pred_Tuned,AAPL,0.0048,hold,0.5
Pred_Tuned,AAPL,0.019,hold,1.9
Pred_Tuned,AAPL,0.1262,hold,12.6
Pred_Tuned,AAPL,0.037,hold,3.7
Pred_Tuned,AAPL,0.0221,hold,2.2
Pred_Tuned,AAPL,0.0502,hold,5.0
Pred_Tuned,AAPL,0.2138,hold,21.4
Pred_Tuned,AAPL,0.8846,buy,88.5
Pred_Tuned,AAPL,0.9882,buy,98.8
Pred_Tuned,AAPL,0.9753,buy,97.5
Pred_Tuned,AAPL,0.4455,hold,44.6
Pred_Tuned,AAPL,0.2355,hold,23.5
Pred_Tuned,AAPL,0.832,buy,83.2
Pred_Tuned,AAPL,0.8866,buy,88.7
Pred_Tuned,AAPL,0.3809,hold,38.1
Pred_Tuned,AAPL,0.1687,hold,16.9
Pred_Tuned,AAPL,0.118,hold,11.8
Pred_Tuned,AAPL,0.0223,hold,2.2
Pred_Tuned,AAPL,0.0219,hold,2.2
Pred_Tuned,AAPL,0.0362,hold,3.6
Pred_Tuned,AAPL,0.1253,hold,12.5
Pred_Tuned,AAPL,0.131,hold,13.1
Pred_Tuned,AAPL,0.1114,hold,11.1
Pred_Tuned,AAPL,0.2295,hold,23.0
Pred_Tuned,AAPL,0.2571,hold,25.7
Pred_Tuned,AAPL,0.1352,hold,13.5
Pred_Tuned,AAPL,0.0915,hold,9.1
Pred_Tuned,AAPL,0.4184,hold,41.8
Pred_Tuned,AAPL,0.2594,hold,25.9
Pred_Tuned,AAPL,0.4648,hold,46.5
Pred_Tuned,AAPL,0.1605,hold,16.1
Pred_Tuned,AAPL,0.3022,hold,30.2
Pred_Tuned,AAPL,0.1646,hold,16.5
Pred_Tuned,AAPL,0.9563,buy,95.6
Pred_Tuned,AAPL,0.9243,buy,92.4
Pred_Tuned,AAPL,0.9579,buy,95.8
Pred_Tuned,AAPL,0.9674,buy,96.7
Pred_Tuned,AAPL,0.8979,buy,89.8
Pred_Tuned,AAPL,0.9224,buy,92.2
Pred_Tuned,AAPL,0.1492,hold,14.9
Pred_Tuned,AAPL,0.1412,hold,14.1
Pred_Tuned,AAPL,0.2558,hold,25.6
Pred_Tuned,AAPL,0.0671,hold,6.7
Pred_Tuned,AAPL,0.0714,hold,7.1
Pred_Tuned,AAPL,0.9651,buy,96.5
Pred_Tuned,AAPL,0.9307,buy,93.1
Pred_Tuned,AAPL,0.9588,buy,95.9
Pred_Tuned,AAPL,0.969,buy,96.9
Pred_Tuned,AAPL,0.1216,hold,12.2
Pred_Tuned,AAPL,0.0937,hold,9.4
Pred_Tuned,AAPL,0.0506,hold,5.1
Pred_Tuned,AAPL,0.1122,hold,11.2
Pred_Tuned,AAPL,0.0451,hold,4.5
Pred_Tuned,AAPL,0.2323,hold,23.2
Pred_Tuned,AAPL,0.1962,hold,19.6
Pred_Tuned,AAPL,0.9533,buy,95.3
Pred_Tuned,AAPL,0.3345,hold,33.4
Pred_Tuned,AAPL,0.9238,buy,92.4
Pred_Tuned,AAPL,0.111,hold,11.1
Pred_Tuned,AAPL,0.4599,hold,46.0
Pred_Tuned,AAPL,0.0472,hold,4.7
Pred_Tuned,AAPL,0.0335,hold,3.3
Pred_Tuned,AAPL,0.0408,hold,4.1
Pred_Tuned,AAPL,0.0343,hold,3.4
Pred_Tuned,AAPL,0.0784,hold,7.8
Pred_Tuned,AAPL,0.1136,hold,11.4
Pred_Tuned,AAPL,0.0315,hold,3.1
Pred_Tuned,AAPL,0.0398,hold,4.0
Pred_Tuned,AAPL,0.1057,hold,10.6
Pred_Tuned,AAPL,0.1118,hold,11.2
Pred_Tuned,AAPL,0.9212,buy,92.1
Pred_Tuned,AAPL,0.188,hold,18.8
Pred_Tuned,AAPL,0.08,hold,8.0
Pred_Tuned,AAPL,0.0933,hold,9.3
Pred_Tuned,AAPL,0.588,buy,58.8
Pred_Tuned,AAPL,0.9446,buy,94.5
Pred_Tuned,AAPL,0.8432,buy,84.3
Pred_Tuned,AAPL,0.8594,buy,85.9
Pred_Tuned,AAPL,0.0969,hold,9.7
Pred_Tuned,AAPL,0.2197,hold,22.0
Pred_Tuned,AAPL,0.2846,hold,28.5
Pred_Tuned,AAPL,0.0742,hold,7.4
Pred_Tuned,AAPL,0.0476,hold,4.8
Pred_Tuned,AAPL,0.1384,hold,13.8
Pred_Tuned,AAPL,0.2731,hold,27.3
Pred_Tuned,AAPL,0.6504,buy,65.0
Pred_Tuned,AAPL,0.2996,hold,30.0
Pred_Tuned,AAPL,0.0427,hold,4.3
Pred_Tuned,AAPL,0.0671,hold,6.7
Pred_Tuned,AAPL,0.0347,hold,3.5
Pred_Tuned,AAPL,0.91,buy,91.0
Pred_Tuned,AAPL,0.3835,hold,38.3
Pred_Tuned,AAPL,0.3546,hold,35.5
Pred_Tuned,AAPL,0.2588,hold,25.9
Pred_Tuned,AAPL,0.368,hold,36.8
Pred_Tuned,AAPL,0.2028,hold,20.3
Pred_Tuned,AAPL,0.5684,buy,56.8
Pred_Tuned,AAPL,0.9606,buy,96.1
Pred_Tuned,AAPL,0.9703,buy,97.0
Pred_Tuned,AAPL,0.9698,buy,97.0
Pred_Tuned,AAPL,0.2432,hold,24.3
Pred_Tuned,AAPL,0.4246,hold,42.5
Pred_Tuned,AAPL,0.9518,buy,95.2
Pred_Tuned,AAPL,0.9627,buy,96.3
Pred_Tuned,AAPL,0.9676,buy,96.8
Pred_Tuned,AAPL,0.9338,buy,93.4
Pred_Tuned,AAPL,0.5573,buy,55.7
Pred_Tuned,AAPL,0.4603,hold,46.0
Pred_Tuned,AAPL,0.1628,hold,16.3
Pred_Tuned,AAPL,0.5871,buy,58.7
Pred_Tuned,AAPL,0.4126,hold,41.3
Pred_Tuned,AAPL,0.5685,buy,56.8
Pred_Tuned,AAPL,0.2922,hold,29.2
Pred_Tuned,AAPL,0.1232,hold,12.3
Pred_Tuned,AAPL,0.1642,hold,16.4
Pred_Tuned,AAPL,0.1703,hold,17.0
Pred_Tuned,AAPL,0.2119,hold,21.2
Pred_Tuned,AAPL,0.1811,hold,18.1
Pred_Tuned,AAPL,0.9473,buy,94.7
Pred_Tuned,AAPL,0.3732,hold,37.3
Pred_Tuned,AAPL,0.2478,hold,24.8
Pred_Tuned,AAPL,0.9131,buy,91.3
Pred_Tuned,AAPL,0.2077,hold,20.8
Pred_Tuned,AAPL,0.2109,hold,21.1
Pred_Tuned,AAPL,0.0513,hold,5.1
Pred_Tuned,AAPL,0.0684,hold,6.8
Pred_Tuned,AAPL,0.0403,hold,4.0
Pred_Tuned,AAPL,0.0439,hold,4.4
Pred_Tuned,AAPL,0.0165,hold,1.6
Pred_Tuned,AAPL,0.0119,hold,1.2
Pred_Tuned,AAPL,0.0217,hold,2.2
Pred_Tuned,AAPL,0.0165,hold,1.6
Pred_Tuned,AAPL,0.0439,hold,4.4
Pred_Tuned,AAPL,0.0405,hold,4.1
Pred_Tuned,AAPL,0.0897,hold,9.0
Pred_Tuned,AAPL,0.0764,hold,7.6
Pred_Tuned,AAPL,0.0543,hold,5.4
Pred_Tuned,AAPL,0.0497,hold,5.0
Pred_Tuned,AAPL,0.1106,hold,11.1
Pred_Tuned,AAPL,0.1984,hold,19.8
Pred_Tuned,AAPL,0.0384,hold,3.8
Pred_Tuned,AAPL,0.0397,hold,4.0
Pred_Tuned,AAPL,0.2875,hold,28.7
Pred_Tuned,AAPL,0.3155,hold,31.6
Pred_Tuned,AAPL,0.2332,hold,23.3
Pred_Tuned,AAPL,0.3809,hold,38.1
Pred_Tuned,AAPL,0.3217,hold,32.2
Pred_Tuned,AAPL,0.3334,hold,33.3
Pred_Tuned,AAPL,0.1953,hold,19.5
Pred_Tuned,AAPL,0.6702,buy,67.0
Pred_Tuned,AAPL,0.668,buy,66.8
Pred_Tuned,AAPL,0.5271,hold,52.7
Pred_Tuned,AAPL,0.4492,hold,44.9
Pred_Tuned,AAPL,0.3301,hold,33.0
Pred_Tuned,AAPL,0.2383,hold,23.8
Pred_Tuned,AAPL,0.0932,hold,9.3
Pred_Tuned,AAPL,0.6156,buy,61.6
Pred_Tuned,AAPL,0.2104,hold,21.0
Pred_Tuned,AAPL,0.1794,hold,17.9
Pred_Tuned,AAPL,0.2452,hold,24.5
Pred_Tuned,AAPL,0.207,hold,20.7
Pred_Tuned,AAPL,0.5058,hold,50.6
Pred_Tuned,AAPL,0.6539,buy,65.4
Pred_Tuned,AAPL,0.1151,hold,11.5
Pred_Tuned,AAPL,0.0381,hold,3.8
Pred_Tuned,AAPL,0.0263,hold,2.6
Pred_Tuned,AAPL,0.0074,hold,0.7
Pred_Tuned,AAPL,0.0054,hold,0.5
Pred_Tuned,AAPL,0.0113,hold,1.1
Pred_Tuned,AAPL,0.0166,hold,1.7
Pred_Tuned,AAPL,0.0709,hold,7.1
Pred_Tuned,AAPL,0.125,hold,12.5
Pred_Tuned,AAPL,0.063,hold,6.3
Pred_Tuned,AAPL,0.1612,hold,16.1
Pred_Tuned,AAPL,0.619,buy,61.9
Pred_Tuned,AAPL,0.4273,hold,42.7
Pred_Tuned,AAPL,0.1225,hold,12.2
Pred_Tuned,AAPL,0.2316,hold,23.2
Pred_Tuned,AAPL,0.1982,hold,19.8
Pred_Tuned,AAPL,0.0185,hold,1.8
Pred_Tuned,AAPL,0.0151,hold,1.5
Pred_Tuned,AAPL,0.0213,hold,2.1
Pred_Tuned,AAPL,0.0349,hold,3.5
Pred_Tuned,AAPL,0.0493,hold,4.9
Pred_Tuned,AAPL,0.0399,hold,4.0
Pred_Tuned,AAPL,0.0261,hold,2.6
Pred_Tuned,AAPL,0.469,hold,46.9
Pred_Tuned,AAPL,0.1679,hold,16.8
Pred_Tuned,AAPL,0.0921,hold,9.2
Pred_Tuned,AAPL,0.0181,hold,1.8
Pred_Tuned,AAPL,0.2162,hold,21.6
Pred_Tuned,AAPL,0.0184,hold,1.8
Pred_Tuned,AAPL,0.1324,hold,13.2
Pred_Tuned,AAPL,0.0264,hold,2.6
Pred_Tuned,AAPL,0.0527,hold,5.3
Pred_Tuned,AAPL,0.0253,hold,2.5
Pred_Tuned,AAPL,0.0145,hold,1.4
Pred_Tuned,AAPL,0.0879,hold,8.8
Pred_Tuned,AAPL,0.0277,hold,2.8
Pred_Tuned,AAPL,0.0176,hold,1.8
Pred_Tuned,AAPL,0.1687,hold,16.9
Pred_Tuned,AAPL,0.1005,hold,10.0
Pred_Tuned,AAPL,0.0672,hold,6.7
Pred_Tuned,AAPL,0.2998,hold,30.0
Pred_Tuned,AAPL,0.0808,hold,8.1
Pred_Tuned,AAPL,0.199,hold,19.9
Pred_Tuned,AAPL,0.0299,hold,3.0
Pred_Tuned,AAPL,0.2027,hold,20.3
Pred_Tuned,AAPL,0.0562,hold,5.6
Pred_Tuned,AAPL,0.0046,hold,0.5
Pred_Tuned,AAPL,0.0065,hold,0.7
Pred_Tuned,AAPL,0.0099,hold,1.0
Pred_Tuned,AAPL,0.0088,hold,0.9
Pred_Tuned,AAPL,0.0139,hold,1.4
Pred_Tuned,AAPL,0.0283,hold,2.8
Pred_Tuned,AAPL,0.0579,hold,5.8
Pred_Tuned,AAPL,0.1889,hold,18.9
Pred_Tuned,AAPL,0.2509,hold,25.1
Pred_Tuned,AAPL,0.8443,buy,84.4
Pred_Tuned,AAPL,0.2598,hold,26.0
Pred_Tuned,AAPL,0.0947,hold,9.5
Pred_Tuned,AAPL,0.0154,hold,1.5
Pred_Tuned,AAPL,0.0403,hold,4.0
Pred_Tuned,AAPL,0.1024,hold,10.2
Pred_Tuned,AAPL,0.0335,hold,3.4
Pred_Tuned,AAPL,0.0224,hold,2.2
Pred_Tuned,AAPL,0.0137,hold,1.4
Pred_Tuned,AAPL,0.0109,hold,1.1
Pred_Tuned,AAPL,0.0053,hold,0.5
Pred_Tuned,AAPL,0.0111,hold,1.1
Pred_Tuned,AAPL,0.0279,hold,2.8
Pred_Tuned,AAPL,0.0599,hold,6.0
Pred_Tuned,AAPL,0.0418,hold,4.2
Pred_Tuned,AAPL,0.0086,hold,0.9
Pred_Tuned,AAPL,0.1039,hold,10.4
Pred_Tuned,AAPL,0.267,hold,26.7
Pred_Tuned,AAPL,0.4425,hold,44.2
Pred_Tuned,AAPL,0.1467,hold,14.7
Pred_Tuned,AAPL,0.2049,hold,20.5
Pred_Tuned,AAPL,0.1003,hold,10.0
Pred_Tuned,AAPL,0.1995,hold,20.0
Pred_Tuned,AAPL,0.0635,hold,6.3
Pred_Tuned,AAPL,0.0768,hold,7.7
Pred_Tuned,AAPL,0.144,hold,14.4
Pred_Tuned,AAPL,0.3011,hold,30.1
Pred_Tuned,AAPL,0.4273,hold,42.7
Pred_Tuned,AAPL,0.0317,hold,3.2
Pred_Tuned,AAPL,0.3187,hold,31.9
Pred_Tuned,AAPL,0.2537,hold,25.4
Pred_Tuned,AAPL,0.2266,hold,22.7
Pred_Tuned,AAPL,0.3775,hold,37.8
Pred_Tuned,AAPL,0.1026,hold,10.3
Pred_Tuned,AAPL,0.251,hold,25.1
Pred_Tuned,AAPL,0.0864,hold,8.6
Pred_Tuned,AAPL,0.7255,buy,72.6
Pred_Tuned,AAPL,0.5668,buy,56.7
Pred_Tuned,AAPL,0.3375,hold,33.8
Pred_Tuned,AAPL,0.029,hold,2.9
Pred_Tuned,AAPL,0.2558,hold,25.6
Pred_Tuned,AAPL,0.2004,hold,20.0
Pred_Tuned,AAPL,0.9008,buy,90.1
Pred_Tuned,AAPL,0.3032,hold,30.3
Pred_Tuned,AAPL,0.2589,hold,25.9
Pred_Tuned,AAPL,0.1779,hold,17.8
Pred_Tuned,AAPL,0.0679,hold,6.8
Pred_Tuned,AAPL,0.0245,hold,2.4
Pred_Tuned,AAPL,0.04,hold,4.0
Pred_Tuned,AAPL,0.0434,hold,4.3
Pred_Tuned,AAPL,0.0658,hold,6.6
Pred_Tuned,AAPL,0.0654,hold,6.5
Pred_Tuned,AAPL,0.009,hold,0.9
Pred_Tuned,AAPL,0.0075,hold,0.8
Pred_Tuned,AAPL,0.0111,hold,1.1
Pred_Tuned,AAPL,0.0061,hold,0.6
Pred_Tuned,AAPL,0.0089,hold,0.9
Pred_Tuned,AAPL,0.0183,hold,1.8
Pred_Tuned,AAPL,0.062,hold,6.2
Pred_Tuned,AAPL,0.0184,hold,1.8
Pred_Tuned,AAPL,0.0241,hold,2.4
Pred_Tuned,AAPL,0.0075,hold,0.7
Pred_Tuned,AAPL,0.1193,hold,11.9
Pred_Tuned,AAPL,0.832,buy,83.2
Pred_Tuned,AAPL,0.2824,hold,28.2
Pred_Tuned,AAPL,0.5741,buy,57.4
Pred_Tuned,AAPL,0.0355,hold,3.5
Pred_Tuned,AAPL,0.0292,hold,2.9
Pred_Tuned,AAPL,0.0065,hold,0.6
Pred_Tuned,AAPL,0.0188,hold,1.9
Pred_Tuned,AAPL,0.0059,hold,0.6
Pred_Tuned,AAPL,0.052,hold,5.2
Pred_Tuned,AAPL,0.0223,hold,2.2
Pred_Tuned,AAPL,0.0123,hold,1.2
Pred_Tuned,AAPL,0.0107,hold,1.1
Pred_Tuned,AAPL,0.0039,hold,0.4
Pred_Tuned,AAPL,0.0945,hold,9.4
Pred_Tuned,AAPL,0.0596,hold,6.0
Pred_Tuned,AAPL,0.0496,hold,5.0
Pred_Tuned,AAPL,0.0299,hold,3.0
Pred_Tuned,AAPL,0.7344,buy,73.4
Pred_Tuned,AAPL,0.4223,hold,42.2
Pred_Tuned,AAPL,0.3606,hold,36.1
Pred_Tuned,AAPL,0.0554,hold,5.5
Pred_Tuned,AAPL,0.0733,hold,7.3
Pred_Tuned,AAPL,0.0358,hold,3.6
Pred_Tuned,AAPL,0.0924,hold,9.2
Pred_Tuned,AAPL,0.1359,hold,13.6
Pred_Tuned,AAPL,0.1503,hold,15.0
Pred_Tuned,AAPL,0.0567,hold,5.7
Pred_Tuned,AAPL,0.0137,hold,1.4
Pred_Tuned,AAPL,0.0486,hold,4.9
Pred_Tuned,AAPL,0.1227,hold,12.3
Pred_Tuned,AAPL,0.1431,hold,14.3
Pred_Tuned,AAPL,0.2137,hold,21.4
Pred_Tuned,AAPL,0.1382,hold,13.8
Pred_Tuned,AAPL,0.2928,hold,29.3
Pred_Tuned,AAPL,0.0757,hold,7.6
Pred_Tuned,AAPL,0.5428,buy,54.3
Pred_Tuned,AAPL,0.051,hold,5.1
Pred_Tuned,AAPL,0.3201,hold,32.0
Pred_Tuned,AAPL,0.0487,hold,4.9
Pred_Tuned,AAPL,0.0477,hold,4.8
Pred_Tuned,AAPL,0.1455,hold,14.6
Pred_Tuned,AAPL,0.1529,hold,15.3
Pred_Tuned,AAPL,0.2451,hold,24.5
Pred_Tuned,AAPL,0.0367,hold,3.7
Pred_Tuned,AAPL,0.0412,hold,4.1
Pred_Tuned,AAPL,0.0263,hold,2.6
Pred_Tuned,AAPL,0.0044,hold,0.4
Pred_Tuned,AAPL,0.0102,hold,1.0
Pred_Tuned,AAPL,0.0507,hold,5.1
Pred_Tuned,AAPL,0.0296,hold,3.0
Pred_Tuned,AAPL,0.0062,hold,0.6
Pred_Tuned,AAPL,0.0134,hold,1.3
Pred_Tuned,AAPL,0.0053,hold,0.5
Pred_Tuned,AAPL,0.0037,hold,0.4
Pred_Tuned,AAPL,0.0054,hold,0.5
Pred_Tuned,AAPL,0.0035,hold,0.3
Pred_Tuned,AAPL,0.0044,hold,0.4
Pred_Tuned,AAPL,0.0154,hold,1.5
Pred_Tuned,AAPL,0.0468,hold,4.7
Pred_Tuned,AAPL,0.0319,hold,3.2
Pred_Tuned,AAPL,0.0079,hold,0.8
Pred_Tuned,AAPL,0.0097,hold,1.0
Pred_Tuned,AAPL,0.028,hold,2.8
Pred_Tuned,AAPL,0.0267,hold,2.7
Pred_Tuned,AAPL,0.0129,hold,1.3
Pred_Tuned,AAPL,0.0329,hold,3.3
Pred_Tuned,AAPL,0.0384,hold,3.8
Pred_Tuned,AAPL,0.0601,hold,6.0
Pred_Tuned,AAPL,0.0474,hold,4.7
Pred_Tuned,AAPL,0.0648,hold,6.5
Pred_Tuned,AAPL,0.0103,hold,1.0
Pred_Tuned,AAPL,0.0298,hold,3.0
Pred_Tuned,AAPL,0.0105,hold,1.1
Pred_Tuned,AAPL,0.0276,hold,2.8
Pred_Tuned,AAPL,0.0025,hold,0.2
Pred_Tuned,AAPL,0.0128,hold,1.3
Pred_Tuned,AAPL,0.0602,hold,6.0
Pred_Tuned,AAPL,0.0535,hold,5.4
Pred_Tuned,AAPL,0.0288,hold,2.9
Pred_Tuned,AAPL,0.0347,hold,3.5
Pred_Tuned,AAPL,0.1338,hold,13.4
Pred_Tuned,AAPL,0.1387,hold,13.9
Pred_Tuned,AAPL,0.1122,hold,11.2
Pred_Tuned,AAPL,0.0399,hold,4.0
Pred_Tuned,AAPL,0.093,hold,9.3
Pred_Tuned,AAPL,0.0358,hold,3.6
Pred_Tuned,AAPL,0.0681,hold,6.8
Pred_Tuned,AAPL,0.0886,hold,8.9
Pred_Tuned,AAPL,0.3092,hold,30.9
Pred_Tuned,AAPL,0.3787,hold,37.9
Pred_Tuned,AAPL,0.0302,hold,3.0
Pred_Tuned,AAPL,0.039,hold,3.9
Pred_Tuned,AAPL,0.1299,hold,13.0
Pred_Tuned,AAPL,0.0126,hold,1.3
Pred_Tuned,AAPL,0.0115,hold,1.2
Pred_Tuned,AAPL,0.0091,hold,0.9
Pred_Tuned,AAPL,0.0137,hold,1.4
Pred_Tuned,AAPL,0.0098,hold,1.0
Pred_Tuned,AAPL,0.0076,hold,0.8
Pred_Tuned,AAPL,0.0204,hold,2.0
Pred_Tuned,AAPL,0.0268,hold,2.7
Pred_Tuned,AAPL,0.0405,hold,4.1
Pred_Tuned,AAPL,0.011,hold,1.1
Pred_Tuned,AAPL,0.1061,hold,10.6
Pred_Tuned,AAPL,0.1742,hold,17.4
Pred_Tuned,AAPL,0.036,hold,3.6
Pred_Tuned,AAPL,0.0542,hold,5.4
Pred_Tuned,AAPL,0.0316,hold,3.2
Pred_Tuned,AAPL,0.045,hold,4.5
Pred_Tuned,AAPL,0.1267,hold,12.7
Pred_Tuned,AAPL,0.0196,hold,2.0
Pred_Tuned,AAPL,0.0157,hold,1.6
Pred_Tuned,AAPL,0.007,hold,0.7
Pred_Tuned,AAPL,0.0058,hold,0.6
Pred_Tuned,AAPL,0.0163,hold,1.6
Pred_Tuned,AAPL,0.0111,hold,1.1
Pred_Tuned,AAPL,0.004,hold,0.4
Pred_Tuned,AAPL,0.0035,hold,0.3
Pred_Tuned,AAPL,0.0032,hold,0.3
Pred_Tuned,AAPL,0.0181,hold,1.8
Pred_Tuned,AAPL,0.0092,hold,0.9
Pred_Tuned,AAPL,0.005,hold,0.5
Pred_Tuned,AAPL,0.0169,hold,1.7
Pred_Tuned,AAPL,0.0068,hold,0.7
Pred_Tuned,AAPL,0.0116,hold,1.2
Pred_Tuned,AAPL,0.0886,hold,8.9
Pred_Tuned,AAPL,0.1823,hold,18.2
Pred_Tuned,AAPL,0.1882,hold,18.8
Pred_Tuned,AAPL,0.0379,hold,3.8
Pred_Tuned,AAPL,0.0289,hold,2.9
Pred_Tuned,AAPL,0.4262,hold,42.6
Pred_Tuned,AAPL,0.3004,hold,30.0
Pred_Tuned,AAPL,0.1047,hold,10.5
Pred_Tuned,AAPL,0.1881,hold,18.8
Pred_Tuned,AAPL,0.0618,hold,6.2
Pred_Tuned,AAPL,0.15,hold,15.0
Pred_Tuned,AAPL,0.0193,hold,1.9
Pred_Tuned,AAPL,0.0145,hold,1.5
Pred_Tuned,AAPL,0.0577,hold,5.8
Pred_Tuned,AAPL,0.449,hold,44.9
Pred_Tuned,AAPL,0.2756,hold,27.6
Pred_Tuned,AAPL,0.2797,hold,28.0
Pred_Tuned,AAPL,0.083,hold,8.3
Pred_Tuned,AAPL,0.25,hold,25.0
Pred_Tuned,AAPL,0.5398,hold,54.0
Pred_Tuned,AAPL,0.6845,buy,68.4
Pred_Tuned,AAPL,0.6125,buy,61.3
Pred_Tuned,AAPL,0.4697,hold,47.0
Pred_Tuned,AAPL,0.5441,buy,54.4
Pred_Tuned,AAPL,0.0411,hold,4.1
Pred_Tuned,AAPL,0.0273,hold,2.7
Pred_Tuned,AAPL,0.0377,hold,3.8
Pred_Tuned,AAPL,0.0522,hold,5.2
Pred_Tuned,AAPL,0.155,hold,15.5
Pred_Tuned,AAPL,0.0447,hold,4.5
Pred_Tuned,AAPL,0.1454,hold,14.5
Pred_Tuned,AAPL,0.0884,hold,8.8
Pred_Tuned,AAPL,0.1255,hold,12.6
Pred_Tuned,AAPL,0.1109,hold,11.1
Pred_Tuned,AAPL,0.0728,hold,7.3
Pred_Tuned,AAPL,0.2381,hold,23.8
Pred_Tuned,AAPL,0.189,hold,18.9
Pred_Tuned,AAPL,0.1868,hold,18.7
Pred_Tuned,AAPL,0.023,hold,2.3
Pred_Tuned,AAPL,0.0383,hold,3.8
Pred_Tuned,AAPL,0.1859,hold,18.6
Pred_Tuned,AAPL,0.0542,hold,5.4
Pred_Tuned,AAPL,0.033,hold,3.3
Pred_Tuned,AAPL,0.1053,hold,10.5
Pred_Tuned,AAPL,0.0715,hold,7.2
Pred_Tuned,AAPL,0.0332,hold,3.3
Pred_Tuned,AAPL,0.5632,buy,56.3
Pred_Tuned,AAPL,0.2487,hold,24.9
Pred_Tuned,AAPL,0.065,hold,6.5
Pred_Tuned,AAPL,0.0667,hold,6.7
Pred_Tuned,AAPL,0.0241,hold,2.4
Pred_Tuned,AAPL,0.0071,hold,0.7
Pred_Tuned,AAPL,0.0089,hold,0.9
Pred_Tuned,AAPL,0.0239,hold,2.4
Pred_Tuned,AAPL,0.0397,hold,4.0
Pred_Tuned,AAPL,0.0337,hold,3.4
Pred_Tuned,AAPL,0.0409,hold,4.1
Pred_Tuned,AAPL,0.0362,hold,3.6
Pred_Tuned,AAPL,0.0224,hold,2.2
Pred_Tuned,AAPL,0.0707,hold,7.1
Pred_Tuned,AAPL,0.0305,hold,3.1
Pred_Tuned,AAPL,0.0263,hold,2.6
Pred_Tuned,AAPL,0.0462,hold,4.6
Pred_Tuned,AAPL,0.004,hold,0.4
Pred_Tuned,AAPL,0.0223,hold,2.2
Pred_Tuned,AAPL,0.0157,hold,1.6
Pred_Tuned,AAPL,0.0272,hold,2.7
Pred_Tuned,AAPL,0.2302,hold,23.0
Pred_Tuned,AAPL,0.3704,hold,37.0
Pred_Tuned,AAPL,0.6039,buy,60.4
Pred_Tuned,AAPL,0.0822,hold,8.2
Pred_Tuned,AAPL,0.2147,hold,21.5
Pred_Tuned,AAPL,0.1171,hold,11.7
Pred_Tuned,AAPL,0.2109,hold,21.1
Pred_Tuned,AAPL,0.1287,hold,12.9
Pred_Tuned,AAPL,0.0268,hold,2.7
Pred_Tuned,AAPL,0.0016,hold,0.2
Pred_Tuned,AAPL,0.003,hold,0.3
Pred_Tuned,AAPL,0.0048,hold,0.5
Pred_Tuned,AAPL,0.0042,hold,0.4
Pred_Tuned,AAPL,0.0081,hold,0.8
Pred_Tuned,AAPL,0.0184,hold,1.8
Pred_Tuned,AAPL,0.3157,hold,31.6
Pred_Tuned,AAPL,0.0084,hold,0.8
Pred_Tuned,AAPL,0.0123,hold,1.2
Pred_Tuned,AAPL,0.0212,hold,2.1
Pred_Tuned,AAPL,0.0232,hold,2.3
Pred_Tuned,AAPL,0.0494,hold,4.9
Pred_Tuned,AAPL,0.4329,hold,43.3
Pred_Tuned,AAPL,0.0219,hold,2.2
Pred_Tuned,AAPL,0.0628,hold,6.3
Pred_Tuned,AAPL,0.0632,hold,6.3
Pred_Tuned,AAPL,0.0861,hold,8.6
Pred_Tuned,AAPL,0.0788,hold,7.9
Pred_Tuned,AAPL,0.2656,hold,26.6
Pred_Tuned,AAPL,0.0534,hold,5.3
Pred_Tuned,AAPL,0.052,hold,5.2
Pred_Tuned,AAPL,0.0285,hold,2.9
Pred_Tuned,AAPL,0.0389,hold,3.9
Pred_Tuned,AAPL,0.0505,hold,5.1
Pred_Tuned,AAPL,0.0079,hold,0.8
Pred_Tuned,AAPL,0.0562,hold,5.6
Pred_Tuned,AAPL,0.0335,hold,3.4
Pred_Tuned,AAPL,0.0669,hold,6.7
Pred_Tuned,AAPL,0.3987,hold,39.9
Pred_Tuned,AAPL,0.0899,hold,9.0
Pred_Tuned,AAPL,0.0576,hold,5.8
Pred_Tuned,AAPL,0.0107,hold,1.1
Pred_Tuned,AAPL,0.0951,hold,9.5
Pred_Tuned,AAPL,0.0045,hold,0.4
Pred_Tuned,AAPL,0.016,hold,1.6
Pred_Tuned,AAPL,0.6609,buy,66.1
Pred_Tuned,AAPL,0.007,hold,0.7
Pred_Tuned,AAPL,0.0727,hold,7.3
Pred_Tuned,AAPL,0.0793,hold,7.9
Pred_Tuned,AAPL,0.1873,hold,18.7
Pred_Tuned,AAPL,0.2586,hold,25.9
Pred_Tuned,AAPL,0.3269,hold,32.7
Pred_Tuned,AAPL,0.5391,hold,53.9
Pred_Tuned,AAPL,0.0306,hold,3.1
Pred_Tuned,AAPL,0.0089,hold,0.9
Pred_Tuned,AAPL,0.0075,hold,0.8
Pred_Tuned,AAPL,0.0177,hold,1.8
Pred_Tuned,AAPL,0.0097,hold,1.0
Pred_Tuned,AAPL,0.077,hold,7.7
Pred_Tuned,AAPL,0.0386,hold,3.9
Pred_Tuned,AAPL,0.048,hold,4.8
Pred_Tuned,AAPL,0.0472,hold,4.7
Pred_Tuned,AAPL,0.312,hold,31.2
Pred_Tuned,AAPL,0.0149,hold,1.5
Pred_Tuned,AAPL,0.0489,hold,4.9
Pred_Tuned,AAPL,0.0222,hold,2.2
Pred_Tuned,AAPL,0.0367,hold,3.7
Pred_Tuned,AAPL,0.1524,hold,15.2
Pred_Tuned,AAPL,0.0488,hold,4.9
Pred_Tuned,AAPL,0.0983,hold,9.8
Pred_Tuned,AAPL,0.1477,hold,14.8
Pred_Tuned,AAPL,0.3771,hold,37.7
Pred_Tuned,AAPL,0.7434,buy,74.3
Pred_Tuned,AAPL,0.1873,hold,18.7
Pred_Tuned,AAPL,0.3652,hold,36.5
Pred_Tuned,AAPL,0.6732,buy,67.3
Pred_Tuned,AAPL,0.1781,hold,17.8
Pred_Tuned,AAPL,0.1213,hold,12.1
Pred_Tuned,AAPL,0.3512,hold,35.1
Pred_Tuned,AAPL,0.4964,hold,49.6
Pred_Tuned,AAPL,0.4192,hold,41.9
Pred_Tuned,AAPL,0.3111,hold,31.1
Pred_Tuned,AAPL,0.2299,hold,23.0
Pred_Tuned,AAPL,0.3251,hold,32.5
Pred_Tuned,AAPL,0.2713,hold,27.1
Pred_Tuned,AAPL,0.1296,hold,13.0
Pred_Tuned,AAPL,0.123,hold,12.3
Pred_Tuned,AAPL,0.5296,hold,53.0
Pred_Tuned,AAPL,0.3828,hold,38.3
Pred_Tuned,AAPL,0.4932,hold,49.3
Pred_Tuned,AAPL,0.1478,hold,14.8
Pred_Tuned,AAPL,0.7706,buy,77.1
Pred_Tuned,AAPL,0.7139,buy,71.4
Pred_Tuned,AAPL,0.3191,hold,31.9
Pred_Tuned,AAPL,0.5682,buy,56.8
Pred_Tuned,AAPL,0.3016,hold,30.2
Pred_Tuned,AAPL,0.2181,hold,21.8
Pred_Tuned,AAPL,0.2238,hold,22.4
Pred_Tuned,AAPL,0.3329,hold,33.3
Pred_Tuned,AAPL,0.1448,hold,14.5
Pred_Tuned,AAPL,0.2296,hold,23.0
Pred_Tuned,AAPL,0.2513,hold,25.1
Pred_Tuned,AAPL,0.2961,hold,29.6
Pred_Tuned,AAPL,0.3552,hold,35.5
Pred_Tuned,AAPL,0.3685,hold,36.8
Pred_Tuned,AAPL,0.5978,buy,59.8
Pred_Tuned,AAPL,0.5447,buy,54.5
Pred_Tuned,AAPL,0.478,hold,47.8
Pred_Tuned,AAPL,0.8014,buy,80.1
Pred_Tuned,AAPL,0.6955,buy,69.6
Pred_Tuned,AAPL,0.4167,hold,41.7
Pred_Tuned,AAPL,0.4486,hold,44.9
Pred_Tuned,AAPL,0.1756,hold,17.6
Pred_Tuned,AAPL,0.3738,hold,37.4
Pred_Tuned,AAPL,0.0755,hold,7.6
Pred_Tuned,AAPL,0.1326,hold,13.3
Pred_Tuned,AAPL,0.4973,hold,49.7
Pred_Tuned,AAPL,0.2257,hold,22.6
Pred_Tuned,AAPL,0.0412,hold,4.1
Pred_Tuned,AAPL,0.3468,hold,34.7
Pred_Tuned,AAPL,0.3285,hold,32.9
Pred_Tuned,AAPL,0.0849,hold,8.5
Pred_Tuned,AAPL,0.0382,hold,3.8
Pred_Tuned,AAPL,0.1358,hold,13.6
Pred_Tuned,AAPL,0.1939,hold,19.4
Pred_Tuned,AAPL,0.8102,buy,81.0
Pred_Tuned,AAPL,0.4989,hold,49.9
Pred_Tuned,AAPL,0.399,hold,39.9
Pred_Tuned,AAPL,0.4195,hold,42.0
Pred_Tuned,AAPL,0.6323,buy,63.2
Pred_Tuned,AAPL,0.7416,buy,74.2
Pred_Tuned,AAPL,0.1083,hold,10.8
Pred_Tuned,AAPL,0.0167,hold,1.7
Pred_Tuned,AAPL,0.0289,hold,2.9
Pred_Tuned,AAPL,0.057,hold,5.7
Pred_Tuned,AAPL,0.0584,hold,5.8
Pred_Tuned,AAPL,0.0295,hold,2.9
Pred_Tuned,AAPL,0.0634,hold,6.3
Pred_Tuned,AAPL,0.0379,hold,3.8
Pred_Tuned,AAPL,0.0229,hold,2.3
Pred_Tuned,AAPL,0.1586,hold,15.9
Pred_Tuned,AAPL,0.0276,hold,2.8
Pred_Tuned,AAPL,0.0291,hold,2.9
Pred_Tuned,AAPL,0.1616,hold,16.2
Pred_Tuned,AAPL,0.0376,hold,3.8
Pred_Tuned,AAPL,0.0793,hold,7.9
Pred_Tuned,AAPL,0.0252,hold,2.5
Pred_Tuned,AAPL,0.0442,hold,4.4
Pred_Tuned,AAPL,0.0754,hold,7.5
Pred_Tuned,AAPL,0.0139,hold,1.4
Pred_Tuned,AAPL,0.1632,hold,16.3
Pred_Tuned,AAPL,0.1299,hold,13.0
Pred_Tuned,AAPL,0.4658,hold,46.6
Pred_Tuned,AAPL,0.6157,buy,61.6
Pred_Tuned,AAPL,0.0836,hold,8.4
Pred_Tuned,AAPL,0.1071,hold,10.7
Pred_Tuned,AAPL,0.0895,hold,9.0
Pred_Tuned,AAPL,0.0519,hold,5.2
Pred_Tuned,AAPL,0.3883,hold,38.8
Pred_Tuned,AAPL,0.6546,buy,65.5
Pred_Tuned,AAPL,0.1802,hold,18.0
Pred_Tuned,AAPL,0.2617,hold,26.2
Pred_Tuned,AAPL,0.2479,hold,24.8
Pred_Tuned,AAPL,0.1131,hold,11.3
Pred_Tuned,AAPL,0.1294,hold,12.9
Pred_Tuned,AAPL,0.4733,hold,47.3
Pred_Tuned,AAPL,0.1987,hold,19.9
Pred_Tuned,AAPL,0.1905,hold,19.0
Pred_Tuned,AAPL,0.1487,hold,14.9
Pred_Tuned,AAPL,0.1842,hold,18.4
Pred_Tuned,AAPL,0.4404,hold,44.0
Pred_Tuned,AAPL,0.2667,hold,26.7
Pred_Tuned,AAPL,0.3542,hold,35.4
Pred_Tuned,AAPL,0.0963,hold,9.6
Pred_Tuned,AAPL,0.1031,hold,10.3
Pred_Tuned,AAPL,0.2636,hold,26.4
Pred_Tuned,AAPL,0.1203,hold,12.0
Pred_Tuned,AAPL,0.082,hold,8.2
Pred_Tuned,AAPL,0.1285,hold,12.9
Pred_Tuned,AAPL,0.1274,hold,12.7
Pred_Tuned,AAPL,0.0326,hold,3.3
Pred_Tuned,AAPL,0.0432,hold,4.3
Pred_Tuned,AAPL,0.0242,hold,2.4
Pred_Tuned,AAPL,0.0261,hold,2.6
Pred_Tuned,AAPL,0.0822,hold,8.2
Pred_Tuned,AAPL,0.0658,hold,6.6
Pred_Tuned,AAPL,0.0317,hold,3.2
Pred_Tuned,AAPL,0.0608,hold,6.1
Pred_Tuned,AAPL,0.0426,hold,4.3
Pred_Tuned,AAPL,0.0267,hold,2.7
Pred_Tuned,AAPL,0.0068,hold,0.7
Pred_Tuned,AAPL,0.0259,hold,2.6
Pred_Tuned,AAPL,0.0269,hold,2.7
Pred_Tuned,AAPL,0.0214,hold,2.1
Pred_Tuned,AAPL,0.1089,hold,10.9
Pred_Tuned,AAPL,0.0188,hold,1.9
Pred_Tuned,AAPL,0.2238,hold,22.4
Pred_Tuned,AAPL,0.0112,hold,1.1
Pred_Tuned,AAPL,0.0079,hold,0.8
Pred_Tuned,AAPL,0.0109,hold,1.1
Pred_Tuned,AAPL,0.0229,hold,2.3
Pred_Tuned,AAPL,0.0189,hold,1.9
Pred_Tuned,AAPL,0.0904,hold,9.0
Pred_Tuned,AAPL,0.0411,hold,4.1
Pred_Tuned,AAPL,0.0172,hold,1.7
Pred_Tuned,AAPL,0.0191,hold,1.9
Pred_Tuned,AAPL,0.0095,hold,1.0
Pred_Tuned,AAPL,0.0349,hold,3.5
Pred_Tuned,AAPL,0.0838,hold,8.4
Pred_Tuned,AAPL,0.1843,hold,18.4
Pred_Tuned,AAPL,0.2603,hold,26.0
Pred_Tuned,AAPL,0.1501,hold,15.0
Pred_Tuned,AAPL,0.3064,hold,30.6
Pred_Tuned,AAPL,0.0382,hold,3.8
Pred_Tuned,AAPL,0.0141,hold,1.4
Pred_Tuned,AAPL,0.2394,hold,23.9
Pred_Tuned,AAPL,0.0813,hold,8.1
Pred_Tuned,AAPL,0.0632,hold,6.3
Pred_Tuned,AAPL,0.0515,hold,5.2
Pred_Tuned,AAPL,0.0827,hold,8.3
Pred_Tuned,AAPL,0.0967,hold,9.7
Pred_Tuned,AAPL,0.0974,hold,9.7
Pred_Tuned,AAPL,0.0404,hold,4.0
Pred_Tuned,AAPL,0.0832,hold,8.3
Pred_Tuned,AAPL,0.1778,hold,17.8
Pred_Tuned,AAPL,0.0245,hold,2.5
Pred_Tuned,AAPL,0.0432,hold,4.3
Pred_Tuned,AAPL,0.0401,hold,4.0
Pred_Tuned,AAPL,0.0311,hold,3.1
Pred_Tuned,AAPL,0.0366,hold,3.7
Pred_Tuned,AAPL,0.0141,hold,1.4
Pred_Tuned,AAPL,0.0261,hold,2.6
Pred_Tuned,AAPL,0.027,hold,2.7
Pred_Tuned,AAPL,0.0935,hold,9.4
Pred_Tuned,AAPL,0.0768,hold,7.7
Pred_Tuned,AAPL,0.0565,hold,5.6
Pred_Tuned,AAPL,0.0498,hold,5.0
Pred_Tuned,AAPL,0.0856,hold,8.6
Pred_Tuned,AAPL,0.0223,hold,2.2
Pred_Tuned,AAPL,0.0951,hold,9.5
Pred_Tuned,AAPL,0.1092,hold,10.9
Pred_Tuned,AAPL,0.1615,hold,16.1
Pred_Tuned,AAPL,0.0767,hold,7.7
Pred_Tuned,AAPL,0.0428,hold,4.3
Pred_Tuned,AAPL,0.1877,hold,18.8
Pred_Tuned,AAPL,0.3089,hold,30.9
Pred_Tuned,AAPL,0.1136,hold,11.4
Pred_Tuned,AAPL,0.1146,hold,11.5
Pred_Tuned,AAPL,0.4887,hold,48.9
Pred_Tuned,AAPL,0.1925,hold,19.2
Pred_Tuned,AAPL,0.2413,hold,24.1
Pred_Tuned,AAPL,0.1362,hold,13.6
Pred_Tuned,AAPL,0.2352,hold,23.5
Pred_Tuned,AAPL,0.0417,hold,4.2
Pred_Tuned,AAPL,0.0447,hold,4.5
Pred_Tuned,AAPL,0.0502,hold,5.0
Pred_Tuned,AAPL,0.0472,hold,4.7
Pred_Tuned,AAPL,0.0524,hold,5.2
Pred_Tuned,AAPL,0.025,hold,2.5
Pred_Tuned,AAPL,0.0418,hold,4.2
Pred_Tuned,AAPL,0.0094,hold,0.9
Pred_Tuned,AAPL,0.0071,hold,0.7
Pred_Tuned,AAPL,0.0261,hold,2.6
Pred_Tuned,AAPL,0.0139,hold,1.4
Pred_Tuned,AAPL,0.0213,hold,2.1
Pred_Tuned,AAPL,0.0292,hold,2.9
Pred_Tuned,AAPL,0.039,hold,3.9
Pred_Tuned,AAPL,0.0024,hold,0.2
Pred_Tuned,AAPL,0.298,hold,29.8
Pred_Tuned,AAPL,0.5521,buy,55.2
Pred_Tuned,AAPL,0.2835,hold,28.3
Pred_Tuned,AAPL,0.0914,hold,9.1
Pred_Tuned,AAPL,0.0415,hold,4.2
Pred_Tuned,AAPL,0.2037,hold,20.4
Pred_Tuned,AAPL,0.0373,hold,3.7
Pred_Tuned,AAPL,0.0643,hold,6.4
Pred_Tuned,AAPL,0.0195,hold,1.9
Pred_Tuned,AAPL,0.1137,hold,11.4
Pred_Tuned,AAPL,0.0144,hold,1.4
Pred_Tuned,AAPL,0.0187,hold,1.9
Pred_Tuned,AAPL,0.0402,hold,4.0
Pred_Tuned,AAPL,0.2048,hold,20.5
Pred_Tuned,AAPL,0.0416,hold,4.2
Pred_Tuned,AAPL,0.0407,hold,4.1
Pred_Tuned,AAPL,0.0638,hold,6.4
Pred_Tuned,AAPL,0.0073,hold,0.7
Pred_Tuned,AAPL,0.0067,hold,0.7
Pred_Tuned,AAPL,0.0047,hold,0.5
Pred_Tuned,AAPL,0.0039,hold,0.4
Pred_Tuned,AAPL,0.0019,hold,0.2
Pred_Tuned,AAPL,0.0222,hold,2.2
Pred_Tuned,AAPL,0.043,hold,4.3
Pred_Tuned,AAPL,0.0119,hold,1.2
Pred_Tuned,AAPL,0.2727,hold,27.3
Pred_Tuned,AAPL,0.1042,hold,10.4
Pred_Tuned,AAPL,0.1442,hold,14.4
Pred_Tuned,AAPL,0.4769,hold,47.7
Pred_Tuned,AAPL,0.2566,hold,25.7
Pred_Tuned,AAPL,0.1639,hold,16.4
Pred_Tuned,AAPL,0.5118,hold,51.2
Pred_Tuned,AAPL,0.6165,buy,61.7
Pred_Tuned,AAPL,0.2896,hold,29.0
Pred_Tuned,AAPL,0.1284,hold,12.8
Pred_Tuned,AAPL,0.0622,hold,6.2
Pred_Tuned,AAPL,0.0434,hold,4.3
Pred_Tuned,AAPL,0.0293,hold,2.9
Pred_Tuned,AAPL,0.0384,hold,3.8
Pred_Tuned,AAPL,0.4512,hold,45.1
Pred_Tuned,AAPL,0.286,hold,28.6
Pred_Tuned,AAPL,0.2746,hold,27.5
Pred_Tuned,AAPL,0.419,hold,41.9
Pred_Tuned,AAPL,0.1966,hold,19.7
Pred_Tuned,AAPL,0.3105,hold,31.1
